instance_id,answer_pred_bespoke,answer_pred_str_bespoke,id,answer_pred_qwen,answer_pred_str_qwen,image_file,figure_id,caption,figure_type,compound,figs_numb,qa_pair_type,question,answer_options,venue,categories,source_dataset,paper_id,pdf_url
fb9ae6b3886c08f35bf9db2c06fd0a57,yes,yes,fb9ae6b3886c08f35bf9db2c06fd0a57,no,no,1708.01425v4-figure3-1.png,1708.01425v4-figure3-1,"figure 3: cohen’s κ agreement for stance annotation on 98 comments. as a trade-off between reducing costs (i.e., discarding fewer instances) and increasing reliability, we chose 5 annotators and a threshold of 0.95 for this task, which resulted in κ = 0.58 (moderate to substantial agreement).",line chart,False,1,closed-ended finite answer set binary visual,does the black dashed line with circles represents mace threshold of 1?,,arxiv,['cs.cl cs.ai'],scigraphqa,1708.01425,https://arxiv.org/pdf/1708.01425v4
8ce379fa6d15ed95d18e892bdd6d0977,yes,yes,8ce379fa6d15ed95d18e892bdd6d0977,no,no,1201.5484v2-figure7-1.png,1201.5484v2-figure7-1,fig. 7. average number of discussions (threads) initiated by websites (squares) and users (circles) that have received a specific average emotional response. all threads with a threshold ncomments ≥ 8.,line chart,False,1,closed-ended finite answer set binary visual,is there a blue and green line in the figure?,,arxiv,['physics.soc-ph cs.cl cs.si physics.data-an'],scigraphqa,1201.5484,https://arxiv.org/pdf/1201.5484v2
3965c230b4b6ec2079eb166497fbefdd,no,no,3965c230b4b6ec2079eb166497fbefdd,yes,yes,1507.02140v1-figure2-1.png,1507.02140v1-figure2-1,figure 2. impact of the threshold on the classification results,line chart,True,3,closed-ended finite answer set binary visual,"in all subplots, is the value of the red square higher than 0.6 when the threshold is 0.6?",,arxiv,['cs.dl cs.cl cs.ir'],scigraphqa,1507.02140,https://arxiv.org/pdf/1507.02140v1
b4c02dc7a824c137b52178f11fd5f148,yes,yes,b4c02dc7a824c137b52178f11fd5f148,no,no,2020.acl-main.36.pdf-figure1.png,2020.acl-main.36.pdf-figure1,"figure 1: (a) the convergence speed of the encoder and the decoder. (b) the performance when adding noise to the encoder input, encoder output and decoder input in the inference stage of a basic nat model.",line chart,True,2,closed-ended finite answer set binary visual,"in the bottom subplot,  is the red line always lower than the green dashed line across all shown noise ratios?",,acl,nan,aclfig,2020.acl-main.36,https://aclanthology.org/2020.acl-main.36.pdf
0c7f00deb5ae88c1ca77aa162d85329d,no,no,0c7f00deb5ae88c1ca77aa162d85329d,yes,yes,2001.01863v7-figure24-1.png,2001.01863v7-figure24-1,figure 24. training time comparison across the ml algorithms and the feature selection methods.,line chart,True,5,closed-ended finite answer set binary visual,is the purple line higher than the red line for at the point where the number of selected features is 40 in the 'bagging' chart?,,arxiv,['cs.cl'],scigraphqa,2001.01863,https://arxiv.org/pdf/2001.01863v7
4fd5dcf5a5e996e13a2b2f65e1b9daae,yes,yes,4fd5dcf5a5e996e13a2b2f65e1b9daae,no,no,2020.acl-main.31.pdf-figure2.png,2020.acl-main.31.pdf-figure2,"figure 2: test performance and gain with different percent of training data ranging from 0.005 to 1 on mr. the less data in training, the more new words in test.",line chart,False,1,closed-ended finite answer set binary visual,does the accuracy of the blue line with crosses is always higher than the accuracy of blue line with squares across all training percentages shown in the graph?,,acl,nan,aclfig,2020.acl-main.31,https://aclanthology.org/2020.acl-main.31.pdf
384585324ff757887359c6b33ec65dae,yes,yes,384585324ff757887359c6b33ec65dae,no,no,1909.06694v1-figure2-1.png,1909.06694v1-figure2-1,figure 2: validation loss comparison for simile and bleu. the top plot shows the expected bleu cost when training with bleu and simile. the bottom plot shows the expected simile cost when training with bleu and simile.,line chart,True,2,closed-ended finite answer set binary visual,is the blue line lower than the red line at epoch 6 in the bottom plot?,,arxiv,['cs.cl'],scigraphqa,1909.06694,https://arxiv.org/pdf/1909.06694v1
a7f4d3db035619588df6dcc63e5d2675,yes,yes,a7f4d3db035619588df6dcc63e5d2675,e,e,1103.2950v1-figure6-1.png,1103.2950v1-figure6-1,"figure 6: fitting errors (residual, deviance), y(r) − f(r), of the ten functions used in fig.4 for mexican presidents’ speech to congress.",line chart,True,9,closed-ended finite answer set binary visual,"in the leftmost bottom plot, is the label of the second black dot from left to right e? ",,arxiv,['cs.cl'],scigraphqa,1103.2950,https://arxiv.org/pdf/1103.2950v1
35d1f7660a8442f2113f2d81c88f47e0,yes,yes,35d1f7660a8442f2113f2d81c88f47e0,no,no,2001.04619v1-figure7-1.png,2001.04619v1-figure7-1,"fig. 7. character error rate (cer) as a function of snr, including custom model.",line chart,False,1,closed-ended finite answer set binary visual,is the black line with circles always higher than the black line with triangles?,,arxiv,['eess.as cs.cl cs.sd'],scigraphqa,2001.04619,https://arxiv.org/pdf/2001.04619v1
6dd2c5c82630d5f75c0de4daa54ef5ab,yes,yes,6dd2c5c82630d5f75c0de4daa54ef5ab,no,no,2004.06188v4-figure5-1.png,2004.06188v4-figure5-1,"figure 5: mean anger, fear, sadness, and joy by grade and gender, as well as model-implied trends.",line chart,True,4,closed-ended finite answer set binary visual,"in the top leftmost subplot, is the blue diamond marker at grade 12 positioned above the orange square marker at the same grade?",,arxiv,['cs.cl'],scigraphqa,2004.06188,https://arxiv.org/pdf/2004.06188v4
a2b34645f640bd65571f61862bccce43,yes,yes,a2b34645f640bd65571f61862bccce43,no,no,2010.02069v2-figurec.2-1.png,2010.02069v2-figurec.2-1,figure c.2: progression of the average gdl of the induced grammars (v 27l10) compared to the baseline grammar of one production rule for each message.,line chart,False,1,closed-ended finite answer set binary visual,is the blue line always decreasing?,,arxiv,['cs.cl cs.ai'],scigraphqa,2010.02069,https://arxiv.org/pdf/2010.02069v2
66fc836706d0f7a623004818efe2c189,yes,yes,66fc836706d0f7a623004818efe2c189,no,no,2008.02096v1-figure1-1.png,2008.02096v1-figure1-1,figure 1: rank-specificity distribution of threshold concepts based on lemma (s-specificity) and compounding frequencies (c-specificity).,line chart,False,1,closed-ended finite answer set binary visual,is the green line  higher than the orange line at rank 10?,,arxiv,['cs.cl'],scigraphqa,2008.02096,https://arxiv.org/pdf/2008.02096v1
f9c67031f004888e5abe029dd31e36ef,yes,yes,f9c67031f004888e5abe029dd31e36ef,no,no,1210.8436v1-figure1-1.png,1210.8436v1-figure1-1,"fig. 1. aggregate oov rate as a function of vocabulary size (log-scale), evaluated on a range of test sets collected every tuesday between 2011/10/11-2012/01/03.",line chart,False,1,closed-ended finite answer set binary visual,is the blue line with stars always lower than the red line with crosses?,,arxiv,['cs.cl cs.ir'],scigraphqa,1210.8436,https://arxiv.org/pdf/1210.8436v1
24a04fe18d2f16a5e974e2ba9ef635d8,yes,yes,24a04fe18d2f16a5e974e2ba9ef635d8,no,no,1910.08210v5-figure11-1.png,1910.08210v5-figure11-1,"figure 11: learning curve while transferring to the development environments. win rates of individual runs are shown in light colours. average win rates are shown in bold, dark lines.",line chart,True,3,closed-ended finite answer set binary visual,"in the leftmost plot, does the win rate of the red line remains always higher than that of the blue line in the?",,arxiv,['cs.cl cs.ai cs.lg'],scigraphqa,1910.08210,https://arxiv.org/pdf/1910.08210v5
32259325fda4788f0c953cabd85e6c7e,yes,yes,32259325fda4788f0c953cabd85e6c7e,no,no,1809.05814v1-figure4-1.png,1809.05814v1-figure4-1,figure 4: roc curves of separable cnn (model g),line chart,False,1,closed-ended finite answer set binary visual,does the blue line have a consistently higher value than the orange line?,,arxiv,['cs.cl cs.lg stat.ml'],scigraphqa,1809.05814,https://arxiv.org/pdf/1809.05814v1
8ed5e126fb654f033ba84762017714be,yes,yes,8ed5e126fb654f033ba84762017714be,no,no,1904.13258v1-figure1-1.png,1904.13258v1-figure1-1,fig. 1. the nist stt benchmark test history - may’09 [7],line chart,False,1,closed-ended finite answer set binary visual,is the green line representing 'air travel planning kiosk speech' consistently below the 'range of human error in transcription' line?,,arxiv,['cs.cl cs.sd eess.as'],scigraphqa,1904.13258,https://arxiv.org/pdf/1904.13258v1
07cdd25cfedc23fb99a1a539c2744a38,yes,yes,07cdd25cfedc23fb99a1a539c2744a38,no,no,1701.02901v1-figure2-1.png,1701.02901v1-figure2-1,"figure 2: relative improvement of the best nmt versus the best pbmt submission on chrf1 for different sentence lengths, averaged over all the language pairs considered.",line chart,False,1,closed-ended finite answer set binary visual,does the blue line  show an overall downward trend as the sentence length increases?,,arxiv,['cs.cl'],scigraphqa,1701.02901,https://arxiv.org/pdf/1701.02901v1
9b395db070f9501240d0a18a3e7c1deb,yes,yes,9b395db070f9501240d0a18a3e7c1deb,no,no,1811.02549v6-figure6-1.png,1811.02549v6-figure6-1,"figure 6: analysis of decoding methods. (lower is better for all metrics). left: less biased methods provided a better quality/diversity trade-off. right: however, they are computationally much more expensive.",line chart,True,2,closed-ended finite answer set binary visual,is the green line on the right plot consistently lower than the red line?,,arxiv,['cs.cl cs.lg'],scigraphqa,1811.02549,https://arxiv.org/pdf/1811.02549v6
40552859c7f143d6f07b06e5be7f6e36,yes,yes,40552859c7f143d6f07b06e5be7f6e36,no,no,2005.00048v1-figure4-1.png,2005.00048v1-figure4-1,figure 4: training & validation performance,line chart,False,1,closed-ended finite answer set binary visual,does the red line consistently decrease in value across the x-axis?,,arxiv,['cs.cl cs.lg'],scigraphqa,2005.00048,https://arxiv.org/pdf/2005.00048v1
b8c36e0a384cc0c8bd9cccccd9c09383,no,no,b8c36e0a384cc0c8bd9cccccd9c09383,yes,yes,1702.02052v1-figure3-1.png,1702.02052v1-figure3-1,figure 3: accuracy of the teacher’s predictions on the top n target domain examples with the highest mcd value for the k->d domain pair.,line chart,False,1,closed-ended finite answer set binary visual,does the accuracy of the blue line consistently decrease as the number of top n examples with highest mcd increases?,,arxiv,['cs.cl cs.lg'],scigraphqa,1702.02052,https://arxiv.org/pdf/1702.02052v1
be67d3dd038ccf45d084441dc3940722,no,no,be67d3dd038ccf45d084441dc3940722,yes,yes,d18-1152.pdf-figure3.png,d18-1152.pdf-figure3,figure 3: wfsa d1 discussed in 4.3. two initial states q1 and q4 are used here.,graph,False,1,closed-ended finite answer set binary visual,is the state labeled 'q2/1' the only state with a double circle?,,acl,nan,aclfig,d18-1152,https://aclanthology.org/d18-1152.pdf
908fd510e171819dbd2ac77f397cf713,yes,yes,908fd510e171819dbd2ac77f397cf713,no,no,1903.10963v1-figure11-1.png,1903.10963v1-figure11-1,"figure 11: estimated best 2-hop circuit if the error rates on the two edges are balanced, circuit c will be the best choice. more often on tokyo, b or d is best.",other,False,1,closed-ended finite answer set binary visual,is the area representing circuit b entirely above the area representing circuit c?,,arxiv,['quant-ph cs.cl'],scigraphqa,1903.10963,https://arxiv.org/pdf/1903.10963v1
15f4eee4f1961845c5be23fa661bfbea,yes,yes,15f4eee4f1961845c5be23fa661bfbea,no,no,2020.acl-main.97.pdf-figure2.png,2020.acl-main.97.pdf-figure2,"figure 2: overview of dte. dte consists of two parts: tree comment network (the left) and decision tree model (the right), which is used to evaluate the credibility of each node in the tree comment network for discovering evidence.",tree,True,2,closed-ended finite answer set binary visual,"in the rightmost tree, are the circles in the left side of the tree pink?",,acl,nan,aclfig,2020.acl-main.97,https://aclanthology.org/2020.acl-main.97.pdf
62e740f96baf2041a9d9990c380a2160,no,no,62e740f96baf2041a9d9990c380a2160,yes,yes,w12-4701.pdf-figure6.png,w12-4701.pdf-figure6,figure 6: purvakalkatvam,tree,False,1,closed-ended finite answer set binary visual,does the arrow pointing to 'sālam' originate from the rightmost oval?,,acl,nan,aclfig,w12-4701,https://aclanthology.org/w12-4701.pdf
e4dd384227bb8e2157af94593cb569dc,no,no,e4dd384227bb8e2157af94593cb569dc,yes,yes,2020.acl-main.93.pdf-figure2.png,2020.acl-main.93.pdf-figure2,"figure 2: this figure explains the differences between an error and different concerns when mismatches occur. we show an image as nine parts grid chart (3  3). in error case, caption1 focuses on three parts while b3 cannot represent the part that matches a1. in different-concerns cases, two captions can represent well in different parts of the same image. however, a mismatch occurs since a3 and b3 attend to a different part of the image.",architecture diagram,False,1,closed-ended finite answer set binary visual,is there more than one red square in error section?,,acl,nan,aclfig,2020.acl-main.93,https://aclanthology.org/2020.acl-main.93.pdf
e25a3704ca13872187bc914da1414a42,yes,yes,e25a3704ca13872187bc914da1414a42,no,no,w16-2302.pdf-figure5.png,w16-2302.pdf-figure5,figure 5: english-to-german (en-de) system-level metric significance test results; a green cell corresponds to a significant increase in correlation for the metric in a given row over the metric in a given column according to williams test; rr = standard wmt relative ranking.,confusion matrix,True,2,closed-ended finite answer set binary visual,is the cell in the first column and last row of the right table colored green?,,acl,nan,aclfig,w16-2302,https://aclanthology.org/w16-2302.pdf
99c01d64583469da3aff252aff004ac0,yes,yes,99c01d64583469da3aff252aff004ac0,no,no,2020.acl-main.622.pdf-figure3.png,2020.acl-main.622.pdf-figure3,figure 3: performance on the development set of the conll-2012 dataset with various number of speakers. f1(speaker as feature): f1 score for the strategy that treats speaker information as a mention-pair feature. f1(speaker as input): f1 score for our strategy that treats speaker names as token input. frequency: percentage of documents with specific number of speakers.,bar chart,False,1,closed-ended finite answer set binary visual,is the height of the orange bar greater than the height of the black bar for the category '1' speaker?,,acl,nan,aclfig,2020.acl-main.622,https://aclanthology.org/2020.acl-main.622.pdf
621a483f9b5dc9b5607602b6f8c2ef7f,yes,yes,621a483f9b5dc9b5607602b6f8c2ef7f,no,no,2019.ccnlg-1.1.pdf-figure13.png,2019.ccnlg-1.1.pdf-figure13,figure 13: unpredictability (surprise) scores for each game. error bars indicate one standard deviation.,bar chart,True,2,closed-ended finite answer set binary visual,is the standard deviation of the game with the label 'lm-1' higher than 1?,,acl,nan,aclfig,2019.ccnlg-1.1,https://aclanthology.org/2019.ccnlg-1.1.pdf
7250891f401f0a2c202567838c19e5e1,no,no,7250891f401f0a2c202567838c19e5e1,yes,yes,1803.11138v1-figure3-1.png,1803.11138v1-figure3-1,figure 3: linzen’s attractor set. our lm-trained lstm (blue; “median” model) compared to their lstm with explicit number supervision (green) and their best lm-trained lstm (red).,line chart,False,1,closed-ended finite answer set binary visual,does the accuracy of the green line decrease as the number of attractors increases?,,arxiv,['cs.cl'],scigraphqa,1803.11138,https://arxiv.org/pdf/1803.11138v1
f6f3c3fc545fb45972bd55a919e83d7a,yes,yes,f6f3c3fc545fb45972bd55a919e83d7a,no,no,2020.acl-main.94.pdf-figure5.png,2020.acl-main.94.pdf-figure5,figure 5: bli performance for each pos in the different domain setting.,line chart,True,4,closed-ended finite answer set binary visual,is the orange line representing 'de' consistently lower than the green line representing 'ru' in the verb plot?,,acl,nan,aclfig,2020.acl-main.94,https://aclanthology.org/2020.acl-main.94.pdf
05781b87a068d1467850e020c6b8bb97,yes,yes,05781b87a068d1467850e020c6b8bb97,no,no,1701.08340v2-figure3-1.png,1701.08340v2-figure3-1,figure 3: effect of using different corpora in with different comparability degree,line chart,False,1,closed-ended finite answer set binary visual,is the accuracy of the green line higher than that of the blue line (with cross markers) at the dicpi+wo point?,,arxiv,['cs.cl'],scigraphqa,1701.08340,https://arxiv.org/pdf/1701.08340v2
d253fe4836589d44066efe87c0cbdc52,yes,yes,d253fe4836589d44066efe87c0cbdc52,no,no,1907.00820v1-figure3-1.png,1907.00820v1-figure3-1,figure 3: averaged visualization about (a and c) controller gate and (b and d) read-write policy for tann and sann on mirror task. note that all the plots are derived from being averaging over 500 random samples. the x-axis shows each time step represented by input xi or output yi. the 〈eos〉 represent the input delimiter.,line chart,True,4,closed-ended finite answer set binary visual,does the 'read (dec)' line in the top right plot have a higher value at the 'y1' time step than at the 'y2' time step?,,arxiv,['cs.lg cs.cl cs.ne'],scigraphqa,1907.00820,https://arxiv.org/pdf/1907.00820v1
61f52220593c8b6f031776aa5d47e112,yes,yes,61f52220593c8b6f031776aa5d47e112,no,no,1711.05294v1-figure2-1.png,1711.05294v1-figure2-1,figure 2: results for the relation extraction from the nyt corpus: comparison with state-of-the-art neural network models.,line chart,False,1,closed-ended finite answer set binary visual,"does the yellow line representing ""r^2 (quadratic)"" have a lower value than the green line representing ""pcnn+att"" at the recall value of 0.1?",,arxiv,['cs.cl'],scigraphqa,1711.05294,https://arxiv.org/pdf/1711.05294v1
2f019683f60eb76ef1d22422832c81e7,yes,yes,2f019683f60eb76ef1d22422832c81e7,no,no,1510.03820v4-figure4-1.png,1510.03820v4-figure4-1,figure 4: effect of the number of feature maps.,line chart,False,1,closed-ended finite answer set binary visual,is the green line consistently above the blue line throughout the graph?,,arxiv,['cs.cl cs.lg cs.ne'],scigraphqa,1510.03820,https://arxiv.org/pdf/1510.03820v4
0e123afc81ebd639111dae685d3276c4,yes,yes,0e123afc81ebd639111dae685d3276c4,no,no,2010.10907v1-figure5-1.png,2010.10907v1-figure5-1,"figure 5: results for random prefixes. for each generation step, the figure shows (a) contribution of source, (b) entropy of source contributions.",line chart,True,2,closed-ended finite answer set binary visual,does the red line in the right graph reach a higher entropy value than the orange line?,,arxiv,['cs.cl'],scigraphqa,2010.10907,https://arxiv.org/pdf/2010.10907v1
8ca686914505437b29ce9a47dc9badda,yes,yes,8ca686914505437b29ce9a47dc9badda,no,no,2009.10355v1-figure3-1.png,2009.10355v1-figure3-1,figure 3: the comparison between 3 kinds of agent. comnet achieved performance close to the upper bound (hand-crafted) while there is still room for improvement for vanilla dqn.,line chart,True,9,closed-ended finite answer set binary visual,"is the blue dashed line for 'vanilla hdqn' consistently lower than the red solid line for 'comnet' in the second row, third column?",,arxiv,['cs.cl'],scigraphqa,2009.10355,https://arxiv.org/pdf/2009.10355v1
a9f31ea6abe99f4ae2ef61b686e7a1a4,yes,yes,a9f31ea6abe99f4ae2ef61b686e7a1a4,no,no,2015.lilt-12.2.pdf-figure4.png,2015.lilt-12.2.pdf-figure4,figure 4 graph of stylistic change for tiresias,line chart,False,1,closed-ended finite answer set binary visual,is the value of the green line higher than the value of the orange line at the point labeled 4?,,acl,nan,aclfig,2015.lilt-12.2,https://aclanthology.org/2015.lilt-12.2.pdf
8f54fa212e1bb21b38107e1e9c48f37f,yes,yes,8f54fa212e1bb21b38107e1e9c48f37f,no,no,1905.12065v1-figure2-1.png,1905.12065v1-figure2-1,"figure 2: smoothed distances (abscissa) plotted against radial bins (ordinate) over 360 degrees, for bass (top panel, ) versus oxidation (bottom panel, ), as computed over grolier’s encyclopedia, with the following parameter settings: , , , .",line chart,True,2,closed-ended finite answer set binary visual,is the smoothed distance value at 200 degrees greater for oxidation than bass?,,arxiv,['cs.cl'],scigraphqa,1905.12065,https://arxiv.org/pdf/1905.12065v1
9afe3f269a1433aa5ee84fbd33681536,yes,yes,9afe3f269a1433aa5ee84fbd33681536,no,no,1911.10768v2-figure4-1.png,1911.10768v2-figure4-1,figure 4: performance (f1) of the proposed model in adaptation from squad and newsqa to duorc versus number of source training data.,line chart,False,1,closed-ended finite answer set binary visual,"is the value of the blue line consistently higher than the value of the red line at the point where the number of rc instances is 20,000?",,arxiv,['cs.cl'],scigraphqa,1911.10768,https://arxiv.org/pdf/1911.10768v2
4cae11837a7f7279140d14368d871e0a,yes,yes,4cae11837a7f7279140d14368d871e0a,no,no,1810.11663v1-figure3-1.png,1810.11663v1-figure3-1,figure 3: performance curves of each model according to the size of the training set.,line chart,False,1,closed-ended finite answer set binary visual,is the performance of the model represented by the orange diamonds higher than the performance of the model represented by the blue stars at a training data size of 3000?,,arxiv,['cs.cl'],scigraphqa,1810.11663,https://arxiv.org/pdf/1810.11663v1
f417e4b48449b4de26b2954a5c7994f5,yes,yes,f417e4b48449b4de26b2954a5c7994f5,no,no,1804.00084v1-figure4.1-1.png,1804.00084v1-figure4.1-1,"figure 4.1: distribution of the fraction of females (in blue color) and males (in green color) in the rank of users with most followers. the intersection point happens in the top 14%, meaning the fraction of females became higher than males from this point.",line chart,False,1,closed-ended finite answer set binary visual,is the blue line above the green line at the top 14% of users?,,arxiv,['cs.si cs.cl'],scigraphqa,1804.00084,https://arxiv.org/pdf/1804.00084v1
8ca8a2f2f46e01f6c90ab374001811cb,yes,yes,8ca8a2f2f46e01f6c90ab374001811cb,no,no,1706.07238v1-figure4-1.png,1706.07238v1-figure4-1,figure 4: performance as function of hypothesis diversity in chime-3.,line chart,False,1,closed-ended finite answer set binary visual,does the green line (rr1+bw) reach a higher wer value than the blue line (sego) at any point on the x-axis?,,arxiv,['cs.cl'],scigraphqa,1706.07238,https://arxiv.org/pdf/1706.07238v1
2886a712a1f1d058580c020aeac3db44,no,no,2886a712a1f1d058580c020aeac3db44,yes,yes,1906.11604v1-figure3-1.png,1906.11604v1-figure3-1,figure 3: the relative improvement in development accuracy over sets over baseline obtained by using conversational-context embeddings with different number of utterance history and different merging techniques.,line chart,False,1,closed-ended finite answer set binary visual,does the red line (mean) show a consistently higher relative improvement than the blue line (concat) across all values of '# of utterance history'?,,arxiv,['cs.cl cs.sd eess.as'],scigraphqa,1906.11604,https://arxiv.org/pdf/1906.11604v1
8c59990108df929eaab0702f81adde27,no,no,8c59990108df929eaab0702f81adde27,yes,yes,2009.01312v2-figure2-1.png,2009.01312v2-figure2-1,"figure 2: the number of missing prediction trees for different independence assumptions. x-axis is the training epochs, y-axis is the number of missing trees for each epoch.",line chart,False,1,closed-ended finite answer set binary visual,does the red line represent the number of missing trees for 'completely independent' assumptions?,,arxiv,['cs.cl'],scigraphqa,2009.01312,https://arxiv.org/pdf/2009.01312v2
8a139c833386cc3f704eccf62f54cdb5,no,no,8a139c833386cc3f704eccf62f54cdb5,yes,yes,2005.00571v2-figure1-1.png,2005.00571v2-figure1-1,figure 1: rule quality difference between datasets. there are exists high quality rules on wn18rr.,line chart,False,1,closed-ended finite answer set binary visual,does the blue line represent the accuracy of fb15k-237 dataset?,,arxiv,['cs.ai cs.cl cs.lg'],scigraphqa,2005.00571,https://arxiv.org/pdf/2005.00571v2
4904963dd3c9b078a8961ed4714d5995,yes,yes,4904963dd3c9b078a8961ed4714d5995,no,no,1209.3126v1-figure4-1.png,1209.3126v1-figure4-1,figure 4: scatter plot of mean length of words for two english corpora (heterogeneous and summarization raw corpora after filtering).,line chart,False,1,closed-ended finite answer set binary visual,does the blue line representing 'corpus 29.34m words' reach a higher point than the red dotted line representing 'corpus duc'04' for the word length of 2 letters?,,arxiv,['cs.ir cs.cl'],scigraphqa,1209.3126,https://arxiv.org/pdf/1209.3126v1
567d1878c4cfb4e7538cb8d9d57911ee,yes,yes,567d1878c4cfb4e7538cb8d9d57911ee,no,no,1601.06755v1-figure11-1.png,1601.06755v1-figure11-1,"figure 11. contraction hedges slightly reduce high levels of alo. at pp = 0.57, alo is reduced from 0.92 to 0.89. expansion hedges reduce minimum alo from 0.1 for unhedged assertions to 0.02 for expansion hedged assertions, at pp = 0.45.",line chart,False,1,closed-ended finite answer set binary visual,does the line with circle markers representing 'contraction hedges' reach a value of 0.9 at a pp value of 0.55?,,arxiv,['cs.ai cs.cl cs.ma'],scigraphqa,1601.06755,https://arxiv.org/pdf/1601.06755v1
41a3deebf6ab0bc364c497b833e38085,no,no,41a3deebf6ab0bc364c497b833e38085,yes,yes,1703.10344v1-figure5-1.png,1703.10344v1-figure5-1,figure 5: feature analysis for the aep placement task for t = 2009.,line chart,False,1,closed-ended finite answer set binary visual,is the red line consistently higher than the blue line in the graph?,,arxiv,['cs.ir cs.cl cs.si'],scigraphqa,1703.10344,https://arxiv.org/pdf/1703.10344v1
5e466bda80536f678f98030ee29939c9,yes,yes,5e466bda80536f678f98030ee29939c9,no,no,1902.07249v2-figure9-1.png,1902.07249v2-figure9-1,"figure 9: ratio of interpretable units in layer-wise. across all datasets, there are more than 90% of units are interpretable. see section d for more details.",line chart,False,1,closed-ended finite answer set binary visual,does the green line representing 'yelp' data always decrease in non-interpretable units from layer 1 to layer 3?,,arxiv,['cs.cl cs.lg stat.ml'],scigraphqa,1902.07249,https://arxiv.org/pdf/1902.07249v2
8b9257faa43b6336810a48622c8b66c3,yes,yes,8b9257faa43b6336810a48622c8b66c3,no,no,1711.04289v3-figure3-1.png,1711.04289v3-figure3-1,figure 3: accuracies of models under different sizes of external knowledge. more external knowledge corresponds to higher accuracies.,line chart,False,1,closed-ended finite answer set binary visual,does the accuracy of the orange line cross 85%?,,arxiv,['cs.cl'],scigraphqa,1711.04289,https://arxiv.org/pdf/1711.04289v3
590d15e174bd3569e49a56c87e1984a3,"yes
```","yes
```",590d15e174bd3569e49a56c87e1984a3,no,no,1803.03232v1-figure2-1.png,1803.03232v1-figure2-1,"figure 2: learning curves for feudal-dqn and dipdqn in env. 4, compared to the two best performing algorithms in (casanueva et al., 2017) (dqn and gpsarsa). the shaded area depicts the mean ± the standard deviation over ten random seeds.",line chart,True,2,closed-ended finite answer set binary visual,"is the blue line, representing feudal-dqn, always higher than the red dotted line, representing gp-sarsa, in the right graph labeled ""laptops"" after 2000 training dialogues?",,arxiv,['cs.cl cs.ai cs.ne'],scigraphqa,1803.03232,https://arxiv.org/pdf/1803.03232v1
f142d1565575f1e946a5f164e11dc75b,yes,yes,f142d1565575f1e946a5f164e11dc75b,no,no,2005.14386v1-figure2-1.png,2005.14386v1-figure2-1,figure 2: the performance of models with different desired length. att2in+bsx is att2in+fixlen with beam size x.,line chart,True,4,closed-ended finite answer set binary visual,is the value of the green line higher than the red line at the point corresponding to 7 on the x-axis of the graph labelled 'mcider'?,,arxiv,['cs.cv cs.cl'],scigraphqa,2005.14386,https://arxiv.org/pdf/2005.14386v1
f4949798d6b3525258433853db400948,yes,yes,f4949798d6b3525258433853db400948,no,no,1906.09426v1-figure1-1.png,1906.09426v1-figure1-1,figure 1: character/word error rates for code-switched hindi-english specific to different λ values.,line chart,False,1,closed-ended finite answer set binary visual,does the green line representing 'wer without lm' reach a value higher than 120 at any point on the x-axis?,,arxiv,['eess.as cs.cl cs.lg cs.sd'],scigraphqa,1906.09426,https://arxiv.org/pdf/1906.09426v1
f9c99d05790bfa4e5092e2540383ac18,yes,yes,f9c99d05790bfa4e5092e2540383ac18,no,no,1803.03667v1-figure1-1.png,1803.03667v1-figure1-1,fig 1. the text of “harry potter and the chamber of secrets” treated according to zipf’s,"line chart,scatter plot",True,4,closed-ended finite answer set binary visual,is the red line in subplot (a) above the teal circles for all values of n?,,arxiv,['cs.cl physics.soc-ph stat.ot'],scigraphqa,1803.03667,https://arxiv.org/pdf/1803.03667v1
805c31ee3342fe65a6ad493451b128c1,yes,yes,805c31ee3342fe65a6ad493451b128c1,no,no,n18-1113.pdf-figure2.png,n18-1113.pdf-figure2,figure 2: the reinforced co-training framework.,architecture diagram,False,1,closed-ended finite answer set binary visual,is the circle representing the selected action positioned at the top of the column of circles?,,acl,nan,aclfig,n18-1113,https://aclanthology.org/n18-1113.pdf
1f08ce00f2bfce17d3fba9109431d8ed,yes,yes,1f08ce00f2bfce17d3fba9109431d8ed,no,no,2016.lilt-13.4.pdf-figure13.png,2016.lilt-13.4.pdf-figure13,figure 13 decorated asts for the clause john killed him and its passive counterpart he was killed using both local and non-local abstract,tree,True,2,closed-ended finite answer set binary visual,is the label 'nsubjpass' positioned above the label 'nsubj'?,,acl,nan,aclfig,2016.lilt-13.4,https://aclanthology.org/2016.lilt-13.4.pdf
f91503a987d097413604ec20c46be914,yes,yes,f91503a987d097413604ec20c46be914,no,no,2020.figlang-1.23.pdf-figure5.png,2020.figlang-1.23.pdf-figure5,figure 5. distribution of marriage equality metaphors in the traditional stance sources.,pie chart,False,1,closed-ended finite answer set binary visual,is the blue slice representing 'medicine' the largest slice in the pie chart?,,acl,nan,aclfig,2020.figlang-1.23,https://aclanthology.org/2020.figlang-1.23.pdf
d2e7e72a9fd4fa4b2552ecd2c535e0e0,yes,yes,d2e7e72a9fd4fa4b2552ecd2c535e0e0,no,no,2010.02975v1-figure3-1.png,2010.02975v1-figure3-1,figure 3: cosine similarity between the gradients issued from lint and lcepretrain. the collapse of the bleu en matches the negative cosine similarity.we here set α = 0.5 but similar values yield identical behavior as shown in figure 4 in appendix.,line chart,True,2,closed-ended finite answer set binary visual,"does the orange line in the right graph, labelled 'ssil', mostly remain above the blue line?",,arxiv,['cs.cl'],scigraphqa,2010.02975,https://arxiv.org/pdf/2010.02975v1
7eeeecece3b30e9c0d729a01430d9d12,yes,yes,7eeeecece3b30e9c0d729a01430d9d12,no,no,2011.00597v1-figure4-1.png,2011.00597v1-figure4-1,figure 4: noise vs performance study on activitynet-captions dataset (val1),line chart,False,1,closed-ended finite answer set binary visual,is the blue line representing video r@1 consistently higher than the yellow line representing text r@1?,,arxiv,['cs.cv cs.ai cs.cl cs.lg'],scigraphqa,2011.00597,https://arxiv.org/pdf/2011.00597v1
c306725f889996de4b90537694514a7c,yes,yes,c306725f889996de4b90537694514a7c,no,no,1810.12646v1-figure5-1.png,1810.12646v1-figure5-1,figure 5: interaction plot for authority and support in cooperative (left) and competitive (right) dialogs.,line chart,True,2,closed-ended finite answer set binary visual,"in the left graph, is the solid line representing 'yes' support higher than the dashed line representing 'no' support when authority is high?",,arxiv,['cs.cl'],scigraphqa,1810.12646,https://arxiv.org/pdf/1810.12646v1
70ab80860fa007367249297c9efde7b2,yes,yes,70ab80860fa007367249297c9efde7b2,no,no,1808.09367v1-figure11-1.png,1808.09367v1-figure11-1,figure 11: domain transfer from beer review to hotel review. overall loss l of r2a on the source development set during training.,line chart,False,1,closed-ended finite answer set binary visual,"does the blue line in the graph reach its lowest value near 10,000?",,arxiv,['cs.cl'],scigraphqa,1808.09367,https://arxiv.org/pdf/1808.09367v1
51d8fb7edc8f3c89ed55bde92c739d96,yes,yes,51d8fb7edc8f3c89ed55bde92c739d96,no,no,1608.01238v1-figure5.2-1.png,1608.01238v1-figure5.2-1,figure 5.2: frequencies of the most frequent 100 words in a corpus of length 1 000 000 and vocabulary of size 56 000. a wider step means more words with the same frequency.,line chart,False,1,closed-ended finite answer set binary visual,is the value of the blue line at the end of the graph 1?,,arxiv,['cs.cl cs.lg'],scigraphqa,1608.01238,https://arxiv.org/pdf/1608.01238v1
9836f1c67cff318a1fecadf8f65dc1f8,yes,yes,9836f1c67cff318a1fecadf8f65dc1f8,no,no,1909.01145v2-figure1-1.png,1909.01145v2-figure1-1,fig. 1. loss curves for training and validation set. the x- and y-axis are training step and reconstruction error. training curves are orange solid lines and validation curves are blue dashed lines. (a) is the plot for a model trained without mmi and (b) is for one with mmi.,line chart,True,2,closed-ended finite answer set binary visual,is the orange line consistently above the blue line in the left graph?,,arxiv,['eess.as cs.cl cs.lg cs.sd'],scigraphqa,1909.01145,https://arxiv.org/pdf/1909.01145v2
5c3beee8229afb93a8588d3e724fff2f,no,no,5c3beee8229afb93a8588d3e724fff2f,yes,yes,1705.04400v1-figure4-1.png,1705.04400v1-figure4-1,"figure 4. 4a and 4b plot cer and serving latency respectively on a dev-set as a function of lookahead, and the number of lcbgru layers. the models are trained on a sampled subset (10 %) of the complete training data. the green and blue baselines are the performance of models where all the 3 gru layers are bidirectional and forward-only correspondingly.",line chart,True,2,closed-ended finite answer set binary visual,"in the left plot, is the pink line consistently lower than the black line?",,arxiv,['cs.cl'],scigraphqa,1705.04400,https://arxiv.org/pdf/1705.04400v1
d85e4d82c092a9a75fa6628a0c1f3d2d,no,no,d85e4d82c092a9a75fa6628a0c1f3d2d,yes,yes,1908.07818v1-figure5-1.png,1908.07818v1-figure5-1,figure 5: performance of frequency and probabilistic features (best viewed in color).,line chart,True,2,closed-ended finite answer set binary visual,is the blue line representing the performance of log(tf) consistently higher than the orange line representing g.2?,,arxiv,['cs.cl cs.dl cs.ir'],scigraphqa,1908.07818,https://arxiv.org/pdf/1908.07818v1
eb62d95f6d83c1e7539afbb3d26a3d7f,yes,yes,eb62d95f6d83c1e7539afbb3d26a3d7f,no,no,2005.07920v2-figure5-1.png,2005.07920v2-figure5-1,fig. 5. performance comparison between ctc and ctcc using different size of beam for lm rescoring,line chart,True,2,closed-ended finite answer set binary visual,is the value of the orange line higher than the value of the blue line for the beam width of 128 in the th plot?,,arxiv,['eess.as cs.cl cs.sd'],scigraphqa,2005.07920,https://arxiv.org/pdf/2005.07920v2
5094f5e13b72ffc9ed0363480a737f94,yes,yes,5094f5e13b72ffc9ed0363480a737f94,no,no,1606.04199v3-figure3-1.png,1606.04199v3-figure3-1,"figure 3: bleu scores vs. source sequence length. five lines are our deep-att single model, deep-att ensemble model, our deep-ed model, previous enc-dec model with four layers and smt model.",line chart,False,1,closed-ended finite answer set binary visual,is the dark blue line consistently above the green line?,,arxiv,['cs.cl cs.lg'],scigraphqa,1606.04199,https://arxiv.org/pdf/1606.04199v3
b86fabd56c784724126d63811b299204,no,no,b86fabd56c784724126d63811b299204,yes,yes,1911.04088v1-figure4-1.png,1911.04088v1-figure4-1,figure 4: top@k performance for utterance prediction task.,line chart,False,1,closed-ended finite answer set binary visual,is the value of the blue line at the point 'top@k' equal to 5 higher than the value of the black line at the same point?,,arxiv,['cs.cl'],scigraphqa,1911.04088,https://arxiv.org/pdf/1911.04088v1
846a136592e20cc5a3adf67d52729f77,yes,yes,846a136592e20cc5a3adf67d52729f77,no,no,2009.08065v4-figure6-1.png,2009.08065v4-figure6-1,figure 6: reweighted training accuracy of different weight matrix block division on cola dataset with distilbert model.,line chart,False,1,closed-ended finite answer set binary visual,is the green line representing 8 blocks consistently higher than the orange line?,,arxiv,['cs.cl cs.ai cs.lg'],scigraphqa,2009.08065,https://arxiv.org/pdf/2009.08065v4
5417707c6cbd9d3a8fb8f76aaed62374,yes,yes,5417707c6cbd9d3a8fb8f76aaed62374,no,no,1407.7357v1-figure2-1.png,1407.7357v1-figure2-1,"fig. 2. f-1 measure for hyperonymization of orders 1 ≤ n ≤ 12: the average case, class gspo, class gdip",line chart,True,3,closed-ended finite answer set binary visual,is the red line consistently above the black line in the rightmost graph?,,arxiv,['cs.ir cs.cl'],scigraphqa,1407.7357,https://arxiv.org/pdf/1407.7357v1
6d40d3b5514ae213ac2747566e7aa647,yes,yes,6d40d3b5514ae213ac2747566e7aa647,no,no,1712.01238v1-figure8-1.png,1712.01238v1-figure8-1,"figure 8: top: accuracy during training (solid lines) and chance level (dashed lines) per answer type. bottom: normalized informative scores per answer type, averaged over 10k questions. see section 5.4 for details.",line chart,True,2,closed-ended finite answer set binary visual,is the solid purple line in the top plot consistently above the green line?,,arxiv,['cs.cv cs.cl cs.lg'],scigraphqa,1712.01238,https://arxiv.org/pdf/1712.01238v1
de1c8c9a27334e46992a05b04dc98581,yes,yes,de1c8c9a27334e46992a05b04dc98581,no,no,1612.01928v1-figure1-1.png,1612.01928v1-figure1-1,figure 1: model structure for invariant training and asr results.,"line chart,architecture diagram",True,3,closed-ended finite answer set binary visual,"does the red line labeled ""inv avg"" consistently have higher wer values than the blue line labeled ""baseline avg"" in the top graph?",,arxiv,['cs.cl cs.cv cs.lg cs.sd stat.ml'],scigraphqa,1612.01928,https://arxiv.org/pdf/1612.01928v1
aa288a90f6740dfc1f19fec93ed821c7,yes,yes,aa288a90f6740dfc1f19fec93ed821c7,no,no,1907.11889v1-figure2-1.png,1907.11889v1-figure2-1,figure 2: precision-recall curves for the top-3 claim matching configurations (all using hm) on test.,line chart,False,1,closed-ended finite answer set binary visual,"is the blue line, representing k=1, consistently above the orange line, representing k=3, throughout the entire plot?",,arxiv,['cs.cl cs.ai cs.lg'],scigraphqa,1907.11889,https://arxiv.org/pdf/1907.11889v1
20820b6bdc3837661260b33c91168665,yes,yes,20820b6bdc3837661260b33c91168665,no,no,2010.04650v1-figure7-1.png,2010.04650v1-figure7-1,"figure 7: mean marginal target probability of the close symbol in a rule. solid lines are trained in the unfamiliarscaffold set, dashed lines on familiar-scaffold. color is specified by scaffold length (k). scale of y-axis is matched among graphs.",line chart,True,2,closed-ended finite answer set binary visual,is the green dashed line corresponding to k = 6 consistently lower than the solid green line corresponding to k = 6 in the left graph?,,arxiv,['cs.cl cs.lg'],scigraphqa,2010.04650,https://arxiv.org/pdf/2010.04650v1
2e603b8f9fe9c52f256e2879d889a16b,yes,yes,2e603b8f9fe9c52f256e2879d889a16b,no,no,d17-1108.pdf-figure1.png,d17-1108.pdf-figure1,figure 1: the desired event temporal graph for ex1. reverse tlinks such as hurt is after ripping are omitted for simplicity.,graph,False,1,closed-ended finite answer set binary visual,is there a directed arrow from 'ripping' to 'ordered'?,,acl,nan,aclfig,d17-1108,https://aclanthology.org/d17-1108.pdf
97db43bb40f8088afce86701fc780e50,yes,yes,97db43bb40f8088afce86701fc780e50,no,no,c08-1027.pdf-figure1.png,c08-1027.pdf-figure1,figure 1: example word lattice.,graph,False,1,closed-ended finite answer set binary visual,is the word 'he' connected to the word 'today' by an arrow?,,acl,nan,aclfig,c08-1027,https://aclanthology.org/c08-1027.pdf
978617c0ea1e458180af91ea82b62834,yes,yes,978617c0ea1e458180af91ea82b62834,no,no,2020.acl-main.134.pdf-figure3.png,2020.acl-main.134.pdf-figure3,"figure 3: an illustration of the swap model. (1) shows a configuration [1 2 | 3 4 5 6], where the stack contains 1 and 2, and the buffer contains 3, 4, 5 and 6, and the model predicts shift to move 3 from the buffer to the stack; (2) is the resulted configuration, and the model predicts swap, which moves 3 back to the buffer behind 4, as shown in (3). the solid black arrows represent the computation already done in the previous steps, and the dashed red arrows represent the new computation needed for the current step.",neural networks,True,3,closed-ended finite answer set binary visual,is there a red arrow pointing from configuration 1 to configuration 2?,,acl,nan,aclfig,2020.acl-main.134,https://aclanthology.org/2020.acl-main.134.pdf
0b412ce3e652be7e2ba5b4d642731cf2,yes,yes,0b412ce3e652be7e2ba5b4d642731cf2,no,no,c00-2092.pdf-figure2.png,c00-2092.pdf-figure2,figure 2: the bag of linked subtree pairs of hts;tti,tree,True,6,closed-ended finite answer set binary visual,are there any dashed lines connecting the 's' nodes?,,acl,nan,aclfig,c00-2092,https://aclanthology.org/c00-2092.pdf
07db3d042b4f11050139c0a3fb438307,yes,yes,07db3d042b4f11050139c0a3fb438307,no,no,y17-1011.pdf-figure2.png,y17-1011.pdf-figure2,figure 2: cart tree for the identification of authors,tree,False,1,closed-ended finite answer set binary visual,is the value of the node labeled 'x47' positioned above the node labeled 'x6'?,,acl,nan,aclfig,y17-1011,https://aclanthology.org/y17-1011.pdf
0dc73c79011d56c8366bf98fd60f98d7,yes,yes,0dc73c79011d56c8366bf98fd60f98d7,no,no,y17-1032.pdf-figure1.png,y17-1032.pdf-figure1,figure 1: annotation of discourse relations in pdit 2.0. the relations are represented by two orange arrows connecting roots of the arguments. information about the discourse types and connectives is given at the starting node of the relations.,tree,False,1,closed-ended finite answer set binary visual,"is there a blue arrow pointing towards a node labeled ""zdraví""?",,acl,nan,aclfig,y17-1032,https://aclanthology.org/y17-1032.pdf
ad950831a55ae75e5e00b1e244e2ee89,yes,yes,ad950831a55ae75e5e00b1e244e2ee89,no,no,2020.acl-main.475.pdf-figure1.png,2020.acl-main.475.pdf-figure1,"figure 1. the text-based ideal point model (tbip) separates senators by political party using only speeches. the algorithm does not have access to party information, but senators are coded by their political party for clarity (democrats in blue circles, republicans in red xs). the speeches are from the 114th u.s. senate.",scatter plot,False,1,closed-ended finite answer set binary visual,are all of the blue circles positioned to the left of the red 'x's on the horizontal axis?,,acl,nan,aclfig,2020.acl-main.475,https://aclanthology.org/2020.acl-main.475.pdf
5c386f991ce333c8add8abc2bd6d5282,no,no,5c386f991ce333c8add8abc2bd6d5282,yes,yes,2005.07174v1-figure6-1.png,2005.07174v1-figure6-1,figure 6: effect of class labels on uncertainty estimates.,box plot,True,3,closed-ended finite answer set binary visual,are all the red horizontal lines in the figure positioned at the same height?,,arxiv,['cs.cl cs.lg'],scigraphqa,2005.07174,https://arxiv.org/pdf/2005.07174v1
79d7ac03c6038b9ef0913805c2f0a478,no,no,79d7ac03c6038b9ef0913805c2f0a478,yes,yes,s19-2128.pdf-figure3.png,s19-2128.pdf-figure3,figure 3: confusion matrix shows results for sub-task a using bidirectional gru,confusion matrix,False,1,closed-ended finite answer set binary visual,is the darkest colored square in the confusion matrix located in the top right quadrant?,,acl,nan,aclfig,s19-2128,https://aclanthology.org/s19-2128.pdf
7d092a687842f2bfd7ac9e6467b205ae,no,no,7d092a687842f2bfd7ac9e6467b205ae,yes,yes,w19-5211.pdf-figure14.png,w19-5211.pdf-figure14,figure 14: frequency-based classification accuracy on states from the enru decoder.,heat map,False,1,closed-ended finite answer set binary visual,is the colour of the cell in the top right corner blue?,,acl,nan,aclfig,w19-5211,https://aclanthology.org/w19-5211.pdf
74c7f6186b8090e6a3d4e52690a9fb59,higher,higher,74c7f6186b8090e6a3d4e52690a9fb59,lower,lower,2020.acl-main.174.pdf-figure4.png,2020.acl-main.174.pdf-figure4,figure 4: average composition of a csi summary based on different crime-related aspects.,pie chart,False,1,closed-ended finite answer set binary visual,does a darker or lighter shade correspond to a higher or lower size of a slice?,,acl,nan,aclfig,2020.acl-main.174,https://aclanthology.org/2020.acl-main.174.pdf
71ab53b6fb7cdd0df76e9a7db94b904d,yes,yes,71ab53b6fb7cdd0df76e9a7db94b904d,no,no,1510.06646v2-figure13-1.png,1510.06646v2-figure13-1,"figure 13: enron corpus, lda and lda-gn spam filtering precision and recall scores using different threshold settings",line chart,True,2,closed-ended finite answer set binary visual,does the blue line representing lda-gn precision consistently have a higher value than the red dotted line representing lda precision across all threshold values?,,arxiv,['cs.lg cs.cl stat.ml'],scigraphqa,1510.06646,https://arxiv.org/pdf/1510.06646v2
6772a4d5918cc410a591673d9712cc00,yes,yes,6772a4d5918cc410a591673d9712cc00,no,no,1707.00110v1-figure4-1.png,1707.00110v1-figure4-1,figure 4: comparing training curves for en-fi and en-tr with sigmoid encoder scoring and softmax decoder scoring and position encoding. note that en-tr curves converged very quickly.,line chart,True,2,closed-ended finite answer set binary visual,is the green line the lowest in the graph on the right at 50 steps?,,arxiv,['cs.cl'],scigraphqa,1707.00110,https://arxiv.org/pdf/1707.00110v1
307e86c5b907498c34fc29b0c9024ecf,no,no,307e86c5b907498c34fc29b0c9024ecf,yes,yes,1806.08462v2-figure3-1.png,1806.08462v2-figure3-1,"figure 3: learning curves of the kl term in the vae loss function (λ ·kl) for different values of λ, and the variant where λ is annealed.",line chart,False,1,closed-ended finite answer set binary visual,does the red line representing λ = 1.0 have a higher value than the orange line representing λ annealed at the 1000th iteration?,,arxiv,['cs.cl cs.lg stat.ml'],scigraphqa,1806.08462,https://arxiv.org/pdf/1806.08462v2
aafc3f4a6b832e3d10130af1f081d50b,yes,yes,aafc3f4a6b832e3d10130af1f081d50b,no,no,1306.4890v1-figure2-1.png,1306.4890v1-figure2-1,"fig. 2. the percentage of the original text in x-axis vs. ake metrics in y-axis. the evaluation performed in the test set used the manhattan metric, 10% and 20% ssc obtained the precision and recall extracting: (a) 10, (b) 20 and (c) 30 key phrases.",line chart,True,6,closed-ended finite answer set binary visual,"in the bottom left graph, is the blue line higher than the red line at the x-axis value of 80?",,arxiv,['cs.cl cs.ir'],scigraphqa,1306.4890,https://arxiv.org/pdf/1306.4890v1
c76d44ed0cc32131a612bbd3388279c7,yes,yes,c76d44ed0cc32131a612bbd3388279c7,no,no,1803.10146v3-figure4-1.png,1803.10146v3-figure4-1,figure 4: cers (%) for different method combinations.,line chart,False,1,closed-ended finite answer set binary visual,does the black line representing kld have a value higher than 16% at 50 adaptation utterances?,,arxiv,['cs.sd cs.cl eess.as'],scigraphqa,1803.10146,https://arxiv.org/pdf/1803.10146v3
40405d6f1aed34f59a2c2d666aae26d6,yes,yes,40405d6f1aed34f59a2c2d666aae26d6,no,no,1807.01855v1-figure2-1.png,1807.01855v1-figure2-1,"figure 2． the relations between exponents 1, 2, 3 and the sample size as found in english sample of leipzig corpus",line chart,False,1,closed-ended finite answer set binary visual,is the value of the yellow line higher than the value of the blue line at the beginning of the graph?,,arxiv,['cs.cl'],scigraphqa,1807.01855,https://arxiv.org/pdf/1807.01855v1
84deb322d83908208af0bed8a4ecd95e,yes,yes,84deb322d83908208af0bed8a4ecd95e,no,no,1904.02668v4-figure3-1.png,1904.02668v4-figure3-1,"figure 3: inoculation by fine-tuning results. (a–e): nli accuracy for the esim and decomposable attention (da) models. (f): reading comprehension f1 scores for the bidaf and qanet models. fine-tuning on a small number of word overlap (a) and negation (b) examples erases the performance gap (outcome 1). fine-tuning does not yield significant improvement on spelling errors (c) and length mismatch (d), but does not degrade original performance either (outcome 2). fine-tuning on numerical reasoning (e) closes the gap entirely, but also reduces performance on the original dataset (outcome 3). on adversarial squad (f), around 60% of the performance gap is closed after fine-tuning, though performance on the original dataset decreases (outcome 3). on each challenge dataset, we observe similar trends between different models.",line chart,True,6,closed-ended finite answer set binary visual,"in the graph labeled 'negation', does the orange dotted line representing the da model on the challenge dataset consistently increase with the number of fine-tuning examples?",,arxiv,['cs.cl'],scigraphqa,1904.02668,https://arxiv.org/pdf/1904.02668v4
141f26f69ff8f94acd4eb84fd7022ec9,yes,yes,141f26f69ff8f94acd4eb84fd7022ec9,no,no,1609.01962v1-figure2-1.png,1609.01962v1-figure2-1,fig. 2. micro-f1 and macro-f1 scores for different methods versus the size of the target rumour used for training in the lpo setting on the pheme dataset. the test set is fixed to all but the first 50 tweets of the target rumour.,line chart,True,2,closed-ended finite answer set binary visual,does the red line on the left plot consistently have higher f1 scores than the orange line?,,arxiv,['cs.cl cs.ir cs.si'],scigraphqa,1609.01962,https://arxiv.org/pdf/1609.01962v1
aea74b09d98bd37083d0b5663ef87a4e,yes,yes,aea74b09d98bd37083d0b5663ef87a4e,no,no,1808.07733v1-figure1-1.png,1808.07733v1-figure1-1,"figure 1: variation in models trained on sst-2 (sentenceonly). accuracies of 100 randomly initialized models are plotted against the number of epochs of training (in gray), along with their average accuracies (in red, with 95% confidence interval error bars). the inset density plot shows the distribution of accuracies when trained with early stopping.",line chart,True,2,closed-ended finite answer set binary visual,is the gray density plot perfectly symmetrical?,,arxiv,['cs.cl'],scigraphqa,1808.07733,https://arxiv.org/pdf/1808.07733v1
e027738df345b7b20780667e30fc0321,yes,yes,e027738df345b7b20780667e30fc0321,no,no,1103.0890v2-figure1-1.png,1103.0890v2-figure1-1,figure 1. the average cpu time on pku dataset by varying c on five randomly sample of training and testing datasets.,line chart,True,2,closed-ended finite answer set binary visual,is the cpu time for 'onlinemkl' represented by the blue line consistently higher than the cpu time for 'irw-crf' represented by the cyan line on tp1?,,arxiv,['cs.lg cs.cl'],scigraphqa,1103.0890,https://arxiv.org/pdf/1103.0890v2
2e23b8c6988906da98f6cb287f31edef,no,no,2e23b8c6988906da98f6cb287f31edef,yes,yes,2003.13003v2-figure4-1.png,2003.13003v2-figure4-1,figure 4: tuning the hyper-parameter λ.,line chart,True,2,closed-ended finite answer set binary visual,does the line with circle markers in the amazon dataset graph (a) show a peak accuracy above 95?,,arxiv,['cs.cl cs.lg'],scigraphqa,2003.13003,https://arxiv.org/pdf/2003.13003v2
9edac8a5a50dd7d51a94cae314904aee,yes,yes,9edac8a5a50dd7d51a94cae314904aee,no,no,2020.acl-demos.21.pdf-figure6.png,2020.acl-demos.21.pdf-figure6,"figure 6: f0.5 at various noise levels, averaged across the five datasets.",line chart,True,2,closed-ended finite answer set binary visual,"is the blue dashed line representing harf + activations consistently higher than the red dashed line representing consensus + activations at all error rates in the bottom graph labeled ""next-best noise""?",,acl,nan,aclfig,2020.acl-demos.21,https://aclanthology.org/2020.acl-demos.21.pdf
c7b707c449ef0b5a0c9650308a442f8f,yes,yes,c7b707c449ef0b5a0c9650308a442f8f,no,no,1712.06086v1-figure3.5-1.png,1712.06086v1-figure3.5-1,figure 3.5: log-energy decay of h[n],line chart,False,1,closed-ended finite answer set binary visual,is the blue horizontal dashed line positioned below the red line representing log-energy decay throughout the graph?,,arxiv,['cs.cl cs.sd eess.as'],scigraphqa,1712.06086,https://arxiv.org/pdf/1712.06086v1
8b102d3329cc1139f0b37e8814e624a9,yes,yes,8b102d3329cc1139f0b37e8814e624a9,no,no,2006.08344v1-figure7-1.png,2006.08344v1-figure7-1,figure 7: bleu scores for different uncertainty estimators under various retained data rates. the model is trained for en to vi tasks with 133k training data using 350k steps.,line chart,True,2,closed-ended finite answer set binary visual,is the blue line in the right plot consistently higher than the green line?,,arxiv,['cs.cl cs.lg stat.ml'],scigraphqa,2006.08344,https://arxiv.org/pdf/2006.08344v1
633c9fbc817e342ca17a991f440d4d12,yes,yes,633c9fbc817e342ca17a991f440d4d12,no,no,2020.acl-main.94.pdf-figure1.png,2020.acl-main.94.pdf-figure1,figure 1: bli performance in the comparable setting. the target window size is fixed and the source window size is varied.,line chart,True,3,closed-ended finite answer set binary visual,is the blue line consistently above the orange line in the graph labeled 'target window size 5'?,,acl,nan,aclfig,2020.acl-main.94,https://aclanthology.org/2020.acl-main.94.pdf
387d7ad3bc176c078c56a5fbd6ac00a2,yes,yes,387d7ad3bc176c078c56a5fbd6ac00a2,no,no,2010.11230v1-figure4-1.png,2010.11230v1-figure4-1,"figure 4: comparison of the supervised training baseline and the proposed self-supervised pretraining methods for the in-domain test set using different number of training samples (top: auc-pr, bottom: auc-roc).",line chart,True,2,closed-ended finite answer set binary visual,is the orange line consistently above the blue line in the bottom graph?,,arxiv,['cs.lg cs.cl'],scigraphqa,2010.11230,https://arxiv.org/pdf/2010.11230v1
eab3b6ef573642f3042726201d1d9977,yes,yes,eab3b6ef573642f3042726201d1d9977,no,no,2010.01694v1-figure2-1.png,2010.01694v1-figure2-1,"figure 2: average results on a) all glue tasks, b) only inference tasks (mnli, qnli, rte), and c) non-inference tasks (qqp, sst-2, cola, sts-b, mrpc) for models trained on mlm, mlm + nsp, and mlm with nsp’s split context but no nsp loss (split) throughout training over 10 billion tokens.",line chart,True,3,closed-ended finite answer set binary visual,is the value of the blue line consistently higher than the red line in the rightmost plot?,,arxiv,['cs.cl cs.lg'],scigraphqa,2010.01694,https://arxiv.org/pdf/2010.01694v1
c0986f811a6f7defef62e4428dd49e7a,no,no,c0986f811a6f7defef62e4428dd49e7a,yes,yes,1810.11804v1-figure10-1.png,1810.11804v1-figure10-1,"fig. 10. excerpt of reconstructed temporal profile of human-robot interaction: the given excerpt, taken from the reconstructed profile of p14’s 3rd session, displays the temporal relation between prohibitive utterances and utterances of disallowance (top blue line), the robot’s sensing of pressure being applied to its arm (middle red line), and the robot’s internal motivation (bottom green line).",line chart,False,1,closed-ended finite answer set binary visual,is the green line representing 'motivation' consistently below the red line representing 'phys. constraint'?,,arxiv,['cs.cl cs.ai cs.ro'],scigraphqa,1810.11804,https://arxiv.org/pdf/1810.11804v1
5b6bfd79a60e7f9ba8618add77b12926,yes,yes,5b6bfd79a60e7f9ba8618add77b12926,no,no,2010.04736v1-figure12-1.png,2010.04736v1-figure12-1,"figure 12: accuracy, sufficiency and comprehensiveness of logistic regressions models by regularization term c.",line chart,True,3,closed-ended finite answer set binary visual,"is the value of the blue line always increasing for all values of c from 10^-3 to 10^2, in the middle plot?",,arxiv,['cs.cl cs.ai cs.cy cs.hc cs.lg'],scigraphqa,2010.04736,https://arxiv.org/pdf/2010.04736v1
905ddc6682b8ecee521f59630215c050,yes,yes,905ddc6682b8ecee521f59630215c050,no,no,1905.13418v1-figure2-1.png,1905.13418v1-figure2-1,figure 2: percentage of types and sentences covered as a function of type frequency. the vast majority of types (80%) are rare (have less than 10 occurrences). at least one such type is present in a non-negligible part of the corpus (12% of the overall sentences). a significant portion of types (45%) appears just once throughout the corpus.,line chart,False,1,closed-ended finite answer set binary visual,is the red line always higher than the green line throughout the figure?,,arxiv,['cs.cl cs.lg'],scigraphqa,1905.13418,https://arxiv.org/pdf/1905.13418v1
135801303d75fd71656d31f0ca7599ca,yes,yes,135801303d75fd71656d31f0ca7599ca,no,no,2003.03716v1-figure5-1.png,2003.03716v1-figure5-1,figure 5: average length difference results of the original model and the model with auxiliary eos loss (γ = 1) with different la steps. we can find the model trained with the auxiliary eos loss can predict longer sentences compared with the original model.,line chart,False,1,closed-ended finite answer set binary visual,is the green line always higher than the orange line?,,arxiv,['cs.cl'],scigraphqa,2003.03716,https://arxiv.org/pdf/2003.03716v1
341fd4c165ee4873aa7a8bd8444c07ef,yes,yes,341fd4c165ee4873aa7a8bd8444c07ef,no,no,2006.00249v1-figure5-1.png,2006.00249v1-figure5-1,"figure 5: effect of dynamic mask with different source prediction strategies. the strategies are explained in section 3, and the oracle means that we use the full-sentence translation to set the mask.",line chart,True,2,closed-ended finite answer set binary visual,does the red dashed line represent the 'im-greedy' strategy in the right plot?,,arxiv,['cs.cl'],scigraphqa,2006.00249,https://arxiv.org/pdf/2006.00249v1
ae1a6519515a8474e69c509d0fa9a559,yes,yes,ae1a6519515a8474e69c509d0fa9a559,no,no,2006.00838v1-figure8-1.png,2006.00838v1-figure8-1,"figure 8: uas for different models for arabic, dutch, finnish, and russian development treebanks.",line chart,True,4,closed-ended finite answer set binary visual,"does the green line, in the bottom left plot, have a higher uas value than the orange line at the 12k trees mark?",,arxiv,['cs.cl'],scigraphqa,2006.00838,https://arxiv.org/pdf/2006.00838v1
e451562af11889f816fcabdb31d782d5,yes,yes,e451562af11889f816fcabdb31d782d5,no,no,2020.acl-main.428.pdf-figure2.png,2020.acl-main.428.pdf-figure2,figure 2: eli5: perplexity vs. label repeats as a function of  in the label unlikelihood objective.,scatter plot,False,1,closed-ended finite answer set binary visual,are there any data points in the scatter plot that are colored dark blue and located to the right of the vertical dashed line?,,acl,nan,aclfig,2020.acl-main.428,https://aclanthology.org/2020.acl-main.428.pdf
362319fd806f5a5afda71299dc219762,no,no,362319fd806f5a5afda71299dc219762,yes,yes,2020.acl-main.364.pdf-figure4.png,2020.acl-main.364.pdf-figure4,figure 4: visualization of the reconstructed embeddings with their code-book assignment. best viewed in color.,scatter plot,True,3,closed-ended finite answer set binary visual,are the blue crosses more numerous than the green dots?,,acl,nan,aclfig,2020.acl-main.364,https://aclanthology.org/2020.acl-main.364.pdf
a5fe2c0c744c55d9ac9e306e70945a95,yes,yes,a5fe2c0c744c55d9ac9e306e70945a95,no,no,2020.acl-main.165.pdf-figure4.png,2020.acl-main.165.pdf-figure4,"figure 4: illustration of our multi-domain nmt model: normalization and residual connection are omitted for simplicity. for all other detail, please refer to vaswani et al. (2017).",neural networks,False,1,closed-ended finite answer set binary visual,is the  'multihead attention' block positioned above the 'feed forward' block in the upper right of the figure?,,acl,nan,aclfig,2020.acl-main.165,https://aclanthology.org/2020.acl-main.165.pdf
7d6b4d546f75fc913ca6141b20054e5e,no,no,7d6b4d546f75fc913ca6141b20054e5e,yes,yes,2020.acl-main.135.pdf-figure4.png,2020.acl-main.135.pdf-figure4,"figure 4: an example of constructed dp- and srl- based semantic graphs, where 99k indicates child relation, and rectangular, rhombic and circular nodes represent arguments, verbs and modifiers respectively.",tree,True,2,closed-ended finite answer set binary visual,are the all the nodes representing arguments shaped like circles?,,acl,nan,aclfig,2020.acl-main.135,https://aclanthology.org/2020.acl-main.135.pdf
17078c9382e8b24b19c2b608953106b7,yes,yes,17078c9382e8b24b19c2b608953106b7,no,no,c00-2093.pdf-figure6.png,c00-2093.pdf-figure6,figure 6: completing the ts,tree,True,2,closed-ended finite answer set binary visual,is the topmost node of the bottom tree 'paragraph'?,,acl,nan,aclfig,c00-2093,https://aclanthology.org/c00-2093.pdf
bc79298b65dca7ba75d88a239b3e1743,no,no,bc79298b65dca7ba75d88a239b3e1743,yes,yes,2020.lrec-1.646.pdf-figure1.png,2020.lrec-1.646.pdf-figure1,figure 1: use of secondary dependencies and empty nodes in torot.,tree,False,1,closed-ended finite answer set binary visual,is there a dashed line connecting the node labeled 'xadv' to the node labeled 'obj'?,,acl,nan,aclfig,2020.lrec-1.646,https://aclanthology.org/2020.lrec-1.646.pdf
92fdbfd804398d77719d372984519ee2,no,no,92fdbfd804398d77719d372984519ee2,yes,yes,y16-2018.pdf-figure1.png,y16-2018.pdf-figure1,figure 1: english and czech sentence with equivalent meaning and shared dependencies.,tree,False,1,closed-ended finite answer set binary visual,"is the word ""never"" connected to the word ""soul"" with an arrow?",,acl,nan,aclfig,y16-2018,https://aclanthology.org/y16-2018.pdf
0cd12dcb26408597f4883ef2c5781a8b,93,93,0cd12dcb26408597f4883ef2c5781a8b,yes,yes,w16-1003.pdf-figure4.png,w16-1003.pdf-figure4,figure 4: confusion matrix for activities without using an ontology.,confusion matrix,False,1,closed-ended finite answer set binary visual,is the value of the red cell located in the 17th row and 18th column equal to 93?,,acl,nan,aclfig,w16-1003,https://aclanthology.org/w16-1003.pdf
945c3bd77c6c374aa4f86eab2f771b1e,yes,yes,945c3bd77c6c374aa4f86eab2f771b1e,no,no,2014.lilt-11.3.pdf-figure2.png,2014.lilt-11.3.pdf-figure2,figure 2 morphological ranking of morphs according to textual morph complexity in the mixed-genre corpus. abscissa indexes increased morphological complexity.,bar chart,False,1,closed-ended finite answer set binary visual,is the bar representing '-ed' the shortest bar in the figure?,,acl,nan,aclfig,2014.lilt-11.3,https://aclanthology.org/2014.lilt-11.3.pdf
ee97779e54c2dd54198f7e608639e831,yes,yes,ee97779e54c2dd54198f7e608639e831,no,no,c10-2016.pdf-figure3.png,c10-2016.pdf-figure3,figure 3: the distribution of pos tags based on the output em algorithm in chinese using the 500k dataset. tag t-n-y% means that there are n hidden states mapped to the specific pos tag t accounting for y% of word tokens tagged with these n states by the em algorithm.,pie chart,False,1,closed-ended finite answer set binary visual,is the green slice smaller than the orange slice?,,acl,nan,aclfig,c10-2016,https://aclanthology.org/c10-2016.pdf
1f05c11ba1be86682d377506293ec559,yes,yes,1f05c11ba1be86682d377506293ec559,no,no,2009.08065v4-figure5-1.png,2009.08065v4-figure5-1,figure 5: layer sensitivity with distilbert model.,line chart,False,1,closed-ended finite answer set binary visual,does the green line initially increase and then decrease?,,arxiv,['cs.cl cs.ai cs.lg'],scigraphqa,2009.08065,https://arxiv.org/pdf/2009.08065v4
6e047fc6a8e2514bc768d86c8b887f81,yes,yes,6e047fc6a8e2514bc768d86c8b887f81,no,no,2009.00429v1-figure2-1.png,2009.00429v1-figure2-1,"fig. 2. plots of ln gm,k (upper panel) and of ln gm (lower panel) against prefix length m for model parameters corresponding to english (see table 1) and ε = 1/20. in the upper panel, the number k = 0, . . . , m of mishearings is denoted by the symbol colours (black, red, green, blue, etc. denote k = 0, 1, 2, 3, . . . ). in the lower panel, colours denote values of the mishearing probability q (see legend). the thick purple curve corresponds to the threshold value qth = 0.1805.",line chart,True,2,closed-ended finite answer set binary visual,does the purple line in the lower panel cross the horizontal red line at a higher value of m compared to the green line?,,arxiv,['cs.cl cond-mat.stat-mech'],scigraphqa,2009.00429,https://arxiv.org/pdf/2009.00429v1
b5528a9bf0566a00ac72991662b216a4,yes,yes,b5528a9bf0566a00ac72991662b216a4,no,no,1908.10090v1-figure4-1.png,1908.10090v1-figure4-1,figure 4: number of search errors under beam-10 and empty global bests over the source sentence length.,line chart,False,1,closed-ended finite answer set binary visual,"does the green line representing '#empty global best' have a higher value than the red line representing '#search errors' at a source sentence length of (30,40)?",,arxiv,['cs.cl'],scigraphqa,1908.10090,https://arxiv.org/pdf/1908.10090v1
da48fb43b1bb1e649cb2c412e57f8be1,yes,yes,da48fb43b1bb1e649cb2c412e57f8be1,no,no,1806.01185v1-figure4-1.png,1806.01185v1-figure4-1,fig. 4 - word rank score for the multi-term index composed of “basket ball” and “basketball” zoomed in to the 30- year period between 1892 and 1922 in the chronicling america archive (caa).,line chart,False,1,closed-ended finite answer set binary visual,are there 6 points in the line after year 1920?,,arxiv,['cs.cl'],scigraphqa,1806.01185,https://arxiv.org/pdf/1806.01185v1
aa0fa219142bf6c5dec8df34c4428b76,yes,yes,aa0fa219142bf6c5dec8df34c4428b76,no,no,2010.06786v1-figure3-1.png,2010.06786v1-figure3-1,fig. 3. the training and validation loss and accuracy over 50 epochs of training,line chart,True,2,closed-ended finite answer set binary visual,does the blue line representing 'train loss' decrease consistently over the 50 epochs?,,arxiv,['cs.cl'],scigraphqa,2010.06786,https://arxiv.org/pdf/2010.06786v1
65e6579e77f4e6a0ed2343e5f3b38cc3,yes,yes,65e6579e77f4e6a0ed2343e5f3b38cc3,no,no,1907.05333v1-figure4-1.png,1907.05333v1-figure4-1,fig. 4. the precicion-recall curve of different algorithms on nyt and gds datasets,line chart,True,2,closed-ended finite answer set binary visual,is the red line consistently lower than the green line in the rightmost graph?,,arxiv,['cs.cl cs.ir'],scigraphqa,1907.05333,https://arxiv.org/pdf/1907.05333v1
ba52a3d4e875db20fa7b8667c8fb5c7b,yes,yes,ba52a3d4e875db20fa7b8667c8fb5c7b,no,no,1506.00839v2-figure3-1.png,1506.00839v2-figure3-1,figure 3 accuracy (%) results obtained on the switchboard corpus using context information extracted from the n preceding segments in different forms.,line chart,False,1,closed-ended finite answer set binary visual,does the green line have a higher accuracy percentage than the red line when the number of preceding segments is 4?,,arxiv,['cs.cl'],scigraphqa,1506.00839,https://arxiv.org/pdf/1506.00839v2
47e9aef3518389a04e448f4357e31dd3,yes,yes,47e9aef3518389a04e448f4357e31dd3,no,no,1909.09814v2-figure5-1.png,1909.09814v2-figure5-1,figure 5: performance of conll-2005 models after performing corrections from he et al. (2017).,line chart,False,1,closed-ended finite answer set binary visual,is the green line consistently higher than the blue line?,,arxiv,['cs.cl cs.lg'],scigraphqa,1909.09814,https://arxiv.org/pdf/1909.09814v2
50e18f088cf72187b837426c05f52603,no,no,50e18f088cf72187b837426c05f52603,yes,yes,1812.02354v1-figure4-1.png,1812.02354v1-figure4-1,figure 4: case study of multi-view attention,line chart,True,4,closed-ended finite answer set binary visual,is the value of the blue circle the same as the value of the green cross at the word 'johnny'?,,arxiv,['cs.cl'],scigraphqa,1812.02354,https://arxiv.org/pdf/1812.02354v1
73880396f31d6ca5e8296848b4e23718,yes,yes,73880396f31d6ca5e8296848b4e23718,no,no,2006.05676v1-figure9-1.png,2006.05676v1-figure9-1,figure 9: phase 2 exact match improvement figure 10: phase 2 f1 score improvement,line chart,True,4,closed-ended finite answer set binary visual,does the orange line representing 'standard' show a higher exact match accuracy than the blue line representing 'position' at the x-axis value of 0.6?,,arxiv,['cs.cl cs.lg stat.ml'],scigraphqa,2006.05676,https://arxiv.org/pdf/2006.05676v1
8213811bef62b239fd93ecabe44421a7,yes,yes,8213811bef62b239fd93ecabe44421a7,no,no,2008.07605v1-figure2-1.png,2008.07605v1-figure2-1,"figure 2: the change of the polarity-over-time (pot) score of “coronavirus”, “lockdown”, and “pandemic” early in 2020.",line chart,False,1,closed-ended finite answer set binary visual,is the value of the yellow line consistently higher than the cyan line throughout the visual?,,arxiv,['cs.cl'],scigraphqa,2008.07605,https://arxiv.org/pdf/2008.07605v1
f4fa24a6192779289ef20b6e4fc26ff6,yes,yes,f4fa24a6192779289ef20b6e4fc26ff6,no,no,1909.09292v1-figure3-1.png,1909.09292v1-figure3-1,fig. 3. ablation study of bert fine-tuning on only the first/embedding layer.,line chart,True,2,closed-ended finite answer set binary visual,is the blue line representing f1_softmax performance higher than the red line representing acc_softmax performance on the right side graph?,,arxiv,['cs.cl cs.lg stat.ml'],scigraphqa,1909.09292,https://arxiv.org/pdf/1909.09292v1
46a3b08e5327b81cd8d1cb8c7647599a,no,no,46a3b08e5327b81cd8d1cb8c7647599a,yes,yes,1607.07057v3-figure3-1.png,1607.07057v3-figure3-1,figure 3: learning curves of ltlm for both english and czech. the points in the graphs represent the perplexities in every 100th iteration.,line chart,True,2,closed-ended finite answer set binary visual,is the line with asterisks in the graph on the right consistently lower than the line representing 100 roles?,,arxiv,['cs.cl'],scigraphqa,1607.07057,https://arxiv.org/pdf/1607.07057v3
5b8a9846afb29d1a55fe9af6b270e13f,yes,yes,5b8a9846afb29d1a55fe9af6b270e13f,no,no,1702.04615v1-figure4-1.png,1702.04615v1-figure4-1,fig. 4: lasso classifier with word counts validation/dev sensitivity-specificity curve,line chart,False,1,closed-ended finite answer set binary visual,are there more than 4 dots between  y = 0.4 and y = 0.6?,,arxiv,['cs.cl'],scigraphqa,1702.04615,https://arxiv.org/pdf/1702.04615v1
354a0d53346f024e739503754defe8c7,no,no,354a0d53346f024e739503754defe8c7,yes,yes,1907.04954v1-figure3-1.png,1907.04954v1-figure3-1,figure 3: pinc when comparing to the master,line chart,False,1,closed-ended finite answer set binary visual,does the blue line start higher than the black line on the graph?,,arxiv,['cs.cl'],scigraphqa,1907.04954,https://arxiv.org/pdf/1907.04954v1
e66f58a34a1050a8f944114d15aa906c,0.8,0.8,e66f58a34a1050a8f944114d15aa906c,no,no,2009.10847v1-figure4-1.png,2009.10847v1-figure4-1,"figure 4: statement length experiment. stare (h) + transformer (h) saturates after two qualifiers with slightly increase, whereas transformer (h) is unstable in handling qualifiers.",line chart,True,4,closed-ended finite answer set binary visual,does the blue solid line in the 'metric = h@10' plot reach a value close to 0.8 at the 'qual pairs' value of 2?,,arxiv,['cs.lg cs.ai cs.cl stat.ml'],scigraphqa,2009.10847,https://arxiv.org/pdf/2009.10847v1
66e46452247389f0fcd3e6e3419707de,yes,yes,66e46452247389f0fcd3e6e3419707de,no,no,2020.acl-main.66.pdf-figure5.png,2020.acl-main.66.pdf-figure5,"figure 5: huse-d vs huse-q for loss truncation, truncation + rejection sampling, and baselines. the red line shows the best achievable frontier via ensembling. truncation and rejection outperform all baselines.",line chart,False,1,closed-ended finite answer set binary visual,does the red line connect a green square with a red cross?,,acl,nan,aclfig,2020.acl-main.66,https://aclanthology.org/2020.acl-main.66.pdf
2830f9d204d2f29ee6b86784aada768a,yes,yes,2830f9d204d2f29ee6b86784aada768a,no,no,2004.13783v1-figure8-1.png,2004.13783v1-figure8-1,"figure 8: scores of (a) homogeneity, (b) completeness, (c) coverage and (d) v-measure are provided to compare news based communities with social media communities. here we used ypred and ygr derived in algorithm 2 as our cluster label and classes. completeness measures how members of a given class are assigned to the same cluster, while homogeneity measures how each cluster contains only members of a single class. their harmonic mean is the v-measure [64].",line chart,True,4,closed-ended finite answer set binary visual,does the line representing completeness in the top right figure reach a peak higher than 0.96?,,arxiv,['cs.cl cs.si'],scigraphqa,2004.13783,https://arxiv.org/pdf/2004.13783v1
821c654e1f1cfa11ebfa7b51e37f249e,yes,yes,821c654e1f1cfa11ebfa7b51e37f249e,no,no,1907.00443v1-figure3-1.png,1907.00443v1-figure3-1,fig. 3. det curves showing the performance of monolingual and multilingual features estimated using ffns and resnets for t1 queries of quesst 2014.,line chart,False,1,closed-ended finite answer set binary visual,are the two curves labeled 'ffn: pt-sp-ru-fr-ge' and 'resnet: pt-sp-ru-fr-ge' consistently parallel to each other?,,arxiv,['cs.cl cs.hc cs.lg cs.sd eess.as'],scigraphqa,1907.00443,https://arxiv.org/pdf/1907.00443v1
52632313b3134d76a61f287887c37cfe,yes,yes,52632313b3134d76a61f287887c37cfe,no,no,2002.09253v4-figure12-1.png,2002.09253v4-figure12-1,"figure 12: exploration metrics for different goal imagination mechanisms: (a) interesting interaction count (ic) on training set, ic on testing set, (c) ic on extra set. goal imagination starts early (vertical line), except for the no imagination baseline (green). standard errors of the mean plotted for clarity (as usual, 10 seeds).",line chart,True,3,closed-ended finite answer set binary visual,does the green line in graph (a) consistently remain below the yellow line?,,arxiv,['cs.ai cs.cl cs.lg'],scigraphqa,2002.09253,https://arxiv.org/pdf/2002.09253v4
d70084d64e1dd16f37d7e9a4ace2dfd8,yes,yes,d70084d64e1dd16f37d7e9a4ace2dfd8,no,no,1006.5827v1-figure1-1.png,1006.5827v1-figure1-1,figure 1: distance labels figure 2: times labels,line chart,True,2,closed-ended finite answer set binary visual,is the green dashed line in the left plot starting at y=2?,,arxiv,['cs.ro cs.cl'],scigraphqa,1006.5827,https://arxiv.org/pdf/1006.5827v1
9edb0269c4974d7bec7852e5dd341a60,no,no,9edb0269c4974d7bec7852e5dd341a60,yes,yes,2010.01683v1-figure5-1.png,2010.01683v1-figure5-1,figure 5: learning curve of 10-fold cross validation,line chart,False,1,closed-ended finite answer set binary visual,does the blue line achieves a performance over 0.6?,,arxiv,['cs.cl'],scigraphqa,2010.01683,https://arxiv.org/pdf/2010.01683v1
d3d686d57ef269cb614794bd77c156ae,yes,yes,d3d686d57ef269cb614794bd77c156ae,no,no,2010.06150v1-figure4-1.png,2010.06150v1-figure4-1,figure 4: left: pearson correlation as a function of the number of iteration in sinkhorn algorithm. right: the convergence rate of the sinkhorn algorithm. the underlying model in this figure is roberta-base with batch mean centered word vectors.,line chart,True,2,closed-ended finite answer set binary visual,is the red line representing 't = 0.3' consistently decreasing in the left graph?,,arxiv,['cs.cl cs.lg'],scigraphqa,2010.06150,https://arxiv.org/pdf/2010.06150v1
067c0046794e9010d9a4e668489c322b,yes,yes,067c0046794e9010d9a4e668489c322b,no,no,1911.01102v1-figure2-1.png,1911.01102v1-figure2-1,fig. 2: evaluation on robust vgg-lstm asr,line chart,True,2,closed-ended finite answer set binary visual,"is the value of the blue line at the ""rnn5"" layer higher than 40%?",,arxiv,['cs.cl cs.ne cs.sd eess.as'],scigraphqa,1911.01102,https://arxiv.org/pdf/1911.01102v1
7df4e187a98e4033a07f002b27211688,yes,yes,7df4e187a98e4033a07f002b27211688,no,no,1807.07961v2-figure3-1.png,1807.07961v2-figure3-1,figure 3: attention weights obtained by senti-emoji embedding and word-emoji embedding across words. tweet contexts are given in sub-captions.,line chart,False,1,closed-ended finite answer set binary visual,is the value of the orange line higher than the blue line at the word 'wait'?,,arxiv,['cs.cl cs.mm'],scigraphqa,1807.07961,https://arxiv.org/pdf/1807.07961v2
155a3285cb42bfbbf6f410341472761c,no,no,155a3285cb42bfbbf6f410341472761c,yes,yes,d11-1122.pdf-figure2.png,d11-1122.pdf-figure2,"figure 2: the update rule (equation 2) can be understood as choosing a minimal edge-cut, thereby greedily maximizing intra-cluster similarity and minimizing intercluster similarity. assuming equal weight for all edges above, label 3 is chosen for the vertex being updated such that the sum of weights of edges crossing the cut is minimal.",graph,False,1,closed-ended finite answer set binary visual,is the circle labelled '1' connected by a line to the circle labelled '3'?,,acl,nan,aclfig,d11-1122,https://aclanthology.org/d11-1122.pdf
35eee3348a172ebefcc36a986b479497,yes,yes,35eee3348a172ebefcc36a986b479497,no,no,2010.00363v1-figure6-1.png,2010.00363v1-figure6-1,"figure 6: (a),(b): distribution of values for each principal component on c and u. vertical axis represents a standard deviation. (c),(d): pca and re-pca (see text) results of u vectors in learned lstm. from left, vb, vbz, nn, nns, and cd, respectively. characteristic dimensions of each pos can be distinguished. note that lstm is learned from raw text in this scenario.",line chart,True,4,closed-ended finite answer set binary visual,is the blue line in the bottom-left graph starting at 9?,,arxiv,['cs.cl'],scigraphqa,2010.00363,https://arxiv.org/pdf/2010.00363v1
d16dc0cd33f0f79c025de2d2508f83dc,yes,yes,d16dc0cd33f0f79c025de2d2508f83dc,no,no,1308.4618v1-figure5-1.png,1308.4618v1-figure5-1,fig. 5. average entries per sentence. graph showing the average number of entries that each sentence appears in for (a) swiss-prot and (b) trembl.,scatter plot,True,2,closed-ended finite answer set binary visual,are the blue circles in the left graph consistently increasing in value as the database release date goes later?,,arxiv,['cs.cl cs.ce cs.dl q-bio.qm'],scigraphqa,1308.4618,https://arxiv.org/pdf/1308.4618v1
d32de217c1cdc3b55103c07474a2eaf5,yes,yes,d32de217c1cdc3b55103c07474a2eaf5,no,no,1310.6775v1-figure1-1.png,1310.6775v1-figure1-1,figure 1: word rank distribution,line chart,False,1,closed-ended finite answer set binary visual,is the red line representing 'word rank' above the green line representing 'zipf-mandelbrot' at the value of 100 on the x-axis?,,arxiv,['cs.ai cs.cl cs.lg'],scigraphqa,1310.6775,https://arxiv.org/pdf/1310.6775v1
46fb312a23ec563f1e8c5cbffe397f71,yes,yes,46fb312a23ec563f1e8c5cbffe397f71,no,no,n16-1181.pdf-figure2.png,n16-1181.pdf-figure2,"figure 2: simple neural module networks, corresponding to the questions what color is the bird? and are there any states? (a) a neural find module for computing an attention over pixels. (b) the same operation applied to a knowledge base. (c) using an attention produced by a lower module to identify the color of the region of the image attended to. (d) performing quantification by evaluating an attention directly.",neural networks,True,2,closed-ended finite answer set binary visual,is the bird in the image black and white?,,acl,nan,aclfig,n16-1181,https://aclanthology.org/n16-1181.pdf
e6ba4ece2886110ba2b05a0f187e343c,no,no,e6ba4ece2886110ba2b05a0f187e343c,yes,yes,n18-1151.pdf-figure1.png,n18-1151.pdf-figure1,figure 1: the overall structure of our keyphrase extraction framework with context encoder. grey dotted array refer to the inputs of target posts that are also used in context encoding.,neural networks,False,1,closed-ended finite answer set binary visual,do the orange boxes represent output from the context encoder?,,acl,nan,aclfig,n18-1151,https://aclanthology.org/n18-1151.pdf
32d7595e0c8ddca2683ccb5dec84ebe0,yes,yes,32d7595e0c8ddca2683ccb5dec84ebe0,no,no,y15-2010.pdf-figure2.png,y15-2010.pdf-figure2,"figure 2: for tree-to-tree system, it searches the case watashi katta (i buy) because it is a dependency pair in source parse tree and target parse tree. it does not search the case watashi akai (i red) because it is not a dependency pair in source parse tree neither in target parse tree. unlike fig.1, it does not search akai honwo (red book) because although it is a dependency pair in source side, it is disconnected in target side",tree,False,1,closed-ended finite answer set binary visual,is the arrow pointing from 'honwo' to 'book'?,,acl,nan,aclfig,y15-2010,https://aclanthology.org/y15-2010.pdf
62c2a01f9e85541c53344ab4162cc495,yes,yes,62c2a01f9e85541c53344ab4162cc495,no,no,2004.13481v1-figure2-1.png,2004.13481v1-figure2-1,"figure 2 parser output for query “coping with overcrowded prisons""",tree,False,1,closed-ended finite answer set binary visual,is the word 'prisons' positioned to the right of 'overcrowded' in the diagram?,,arxiv,['cs.ir cs.cl'],scigraphqa,2004.13481,https://arxiv.org/pdf/2004.13481v1
9fafd3cf9a6bd0df721e175babfe22ee,yes,yes,9fafd3cf9a6bd0df721e175babfe22ee,no,no,2019.lilt-17.3.pdf-figure2.png,2019.lilt-17.3.pdf-figure2,figure 2 analysis of pustak=kii tareef hu-ii the book got praised.,tree,True,3,closed-ended finite answer set binary visual,is the word 'pustak' positioned directly below 'np1'?,,acl,nan,aclfig,2019.lilt-17.3,https://aclanthology.org/2019.lilt-17.3.pdf
02d1aab66043596cd70ffcea6c50c66a,false,false,02d1aab66043596cd70ffcea6c50c66a,no,no,y17-1001.pdf-figure1.png,y17-1001.pdf-figure1,figure 1: semantic content of yes and no,graph,True,3,closed-ended finite answer set binary visual,is the value of the 'form' box below the 'sem' box marked with a '3'?,,acl,nan,aclfig,y17-1001,https://aclanthology.org/y17-1001.pdf
2f3d6a656cd73927b8e85854242f5be8,yes,yes,2f3d6a656cd73927b8e85854242f5be8,no,no,o04-1005.pdf-figure2.1.png,o04-1005.pdf-figure2.1,fig. 2.1. an overview of our system,architecture diagram,False,1,closed-ended finite answer set binary visual,is the 'lexicon' box connected to the 'candidate generator' box with an arrow?,,acl,nan,aclfig,o04-1005,https://aclanthology.org/o04-1005.pdf
a426cc23ee1fd3750d16aadc1fc814fc,yes,yes,a426cc23ee1fd3750d16aadc1fc814fc,no,no,s19-2128.pdf-figure4.png,s19-2128.pdf-figure4,figure 4: confusion matrix shows results for sub-task b using bidirectional gru,confusion matrix,False,1,closed-ended finite answer set binary visual,is the red cell in the confusion matrix located in the bottom right quadrant?,,acl,nan,aclfig,s19-2128,https://aclanthology.org/s19-2128.pdf
eb93b54eb59f154ed435c610e221369f,no,no,eb93b54eb59f154ed435c610e221369f,yes,yes,2020.acl-main.201.pdf-figure2.png,2020.acl-main.201.pdf-figure2,"figure 2: train and test accuracy (p@1) for bli on muse; projection-based clwe underfit the training dictionary (gray), but retrofitting to the training dictionary overfits (pink). adding a synthetic dictionary balances between training and test accuracy (orange).",bar chart,True,3,closed-ended finite answer set binary visual,are the pink bars ('+retrofit (train)') consistently taller than the gray bars ('original (train)') in the 'bli accuracy for proc' section of the figure?,,acl,nan,aclfig,2020.acl-main.201,https://aclanthology.org/2020.acl-main.201.pdf
6ad289bd348f9726e9921fb704e9c30a,yes,yes,6ad289bd348f9726e9921fb704e9c30a,no,no,2020.acl-main.402.pdf-figure3.png,2020.acl-main.402.pdf-figure3,"figure 3: statistics : (a) source across the dataset, (b) overall speaker distribution.",pie chart,True,2,closed-ended finite answer set binary visual,are the slices in the right pie ordered according to size?,,acl,nan,aclfig,2020.acl-main.402,https://aclanthology.org/2020.acl-main.402.pdf
32c20ac38bcf45a3a2a155586c5c930d,yes,yes,32c20ac38bcf45a3a2a155586c5c930d,no,no,2006.02295v1-figure6-1.png,2006.02295v1-figure6-1,"fig. 6. average cosine distances between pairs of embedded hausa words as a function of their phone edit distance (development data, multilingual models).",line chart,False,1,closed-ended finite answer set binary visual,is the blue square higher than the orange circle at phone edit distance 1?,,arxiv,['cs.cl cs.sd eess.as'],scigraphqa,2006.02295,https://arxiv.org/pdf/2006.02295v1
084c5eff1070ecee65dede39606313f5,yes,yes,084c5eff1070ecee65dede39606313f5,no,no,2004.01820v1-figure4-1.png,2004.01820v1-figure4-1,figure 4: cumulative distribution functions for timeline similarity on relevant features. these measures are shown to be predictive of power imbalance and harmful intent.,line chart,True,2,closed-ended finite answer set binary visual,is the blue line in the right subplot higher than the red line at the value of cos(θ) = 0.5?,,arxiv,['cs.si cs.cl'],scigraphqa,2004.01820,https://arxiv.org/pdf/2004.01820v1
19ba300b17ec79a7f84e6b97e144cdcb,yes,yes,19ba300b17ec79a7f84e6b97e144cdcb,no,no,1703.05260v1-figure11-1.png,1703.05260v1-figure11-1,"figure 11: entropy over verb lemmas for events (left y-axis, h(x)) in the going on a train scenario. bars in the background indicate the absolute number of occurrence of instances (right yaxis, n(x)).","line chart,bar chart",False,1,closed-ended finite answer set binary visual,is the green bar representing 'get_tickets' higher than the orange line at the same position?,,arxiv,['cs.cl cs.ai'],scigraphqa,1703.05260,https://arxiv.org/pdf/1703.05260v1
bc39d0cebd93bd0e9255ef47e7ee2021,yes,yes,bc39d0cebd93bd0e9255ef47e7ee2021,no,no,1709.00071v1-figure1-1.png,1709.00071v1-figure1-1,figure 1: twitter user-level analyses for all message types. panels (a) and (b) replicate the main text analyses for twitter user-level data. shaded error bounds represent 95% confidence intervals.,line chart,True,2,closed-ended finite answer set binary visual,does the orange line in panel (a) have a higher value than the blue line at the x-axis value of 25?,,arxiv,['stat.ap cs.cl'],scigraphqa,1709.00071,https://arxiv.org/pdf/1709.00071v1
8f0b8ea204847ef7361c1988f357d7c1,yes,yes,8f0b8ea204847ef7361c1988f357d7c1,no,no,1909.13705v1-figure2-1.png,1909.13705v1-figure2-1,"figure 2: the position and content attribution on cnn/dm, the test set is broken down based on compression.",line chart,True,2,closed-ended finite answer set binary visual,is the value of the orange line at the 'high' position higher than the value of the green line at the 'high' position?,,arxiv,['cs.cl'],scigraphqa,1909.13705,https://arxiv.org/pdf/1909.13705v1
2dbd9db637279e80bf9634e65286df1f,no,no,2dbd9db637279e80bf9634e65286df1f,yes,yes,1803.09551v1-figure10-1.png,1803.09551v1-figure10-1,fig. 10. predictive performance of mr3++ by varying hyperparameters. left: varying λrel and λrev by fixing f = 10; rmse is 1.0139 when both are zero; percent of training is 80%. right: varying f by fixing λrel = 0.001 and λrev = 0.005. dataset: ciao.,line chart,True,2,closed-ended finite answer set binary visual,is the black line in the left graph consistently higher than the purple line?,,arxiv,['cs.ir cs.ai cs.cl cs.lg'],scigraphqa,1803.09551,https://arxiv.org/pdf/1803.09551v1
f528c2384c107cd473c350bdbe913117,no,no,f528c2384c107cd473c350bdbe913117,yes,yes,2020.acl-main.26.pdf-figure2.png,2020.acl-main.26.pdf-figure2,figure 2: analysis for proposition of instances.,line chart,True,2,closed-ended finite answer set binary visual,is the blue line consistently higher than the red line in the bottom figure?,,acl,nan,aclfig,2020.acl-main.26,https://aclanthology.org/2020.acl-main.26.pdf
41f183016ca40ea39416b7fdb8c0df98,yes,yes,41f183016ca40ea39416b7fdb8c0df98,no,no,2009.14722v1-figure2-1.png,2009.14722v1-figure2-1,figure 2: comparison of pr curves between our proposed model and baselines on the nyt dataset,line chart,False,1,closed-ended finite answer set binary visual,is the blue curve representing 'mintz' consistently below the red curve representing 'cnn+att'?,,arxiv,['cs.cl cs.lg'],scigraphqa,2009.14722,https://arxiv.org/pdf/2009.14722v1
80e246f915aad0361579a83f5f56a5a1,yes,yes,80e246f915aad0361579a83f5f56a5a1,no,no,1909.10705v1-figure5-1.png,1909.10705v1-figure5-1,"figure 5: mean probability for each of the first 150 word-level story tokens. when teacher-forcing the model on human text, probability increases slowly. when generating with top-k sampling, probability increases faster, especially for smaller k. this plot is for the fusion model; similar patterns hold for gpt2-117.",line chart,False,1,closed-ended finite answer set binary visual,does the legend cover a part of any curve?,,arxiv,['cs.cl cs.ai cs.lg'],scigraphqa,1909.10705,https://arxiv.org/pdf/1909.10705v1
31565f67e46b0a9f0bb11131ce61b7f3,yes,yes,31565f67e46b0a9f0bb11131ce61b7f3,no,no,1708.08572v1-figure3-1.png,1708.08572v1-figure3-1,figure 3: interannotator agreement for sarcasm trigrams,line chart,False,1,closed-ended finite answer set binary visual,does the blue line in the graph cross the horizontal line at the 0.4 value?,,arxiv,['cs.cl'],scigraphqa,1708.08572,https://arxiv.org/pdf/1708.08572v1
fb8b1a71176d531deeeba5878cb39be5,yes,yes,fb8b1a71176d531deeeba5878cb39be5,no,no,2004.12651v1-figure2-1.png,2004.12651v1-figure2-1,"figure 2: learning curves obtained by bert-base model trained with different objective shifting rate k on cola task. we measure the knowledge forgetting by the euclidean distance between the weights of the fine-tuning model and the pretrained model. with smaller k, the model achieves less knowledge forgetting from the source tasks while it takes more timesteps to converge on the target task.",line chart,True,2,closed-ended finite answer set binary visual,does the blue line in the right graph (labeled k=0) reach a euclidean distance greater than 10?,,arxiv,['cs.cl'],scigraphqa,2004.12651,https://arxiv.org/pdf/2004.12651v1
1f72b65f733e139689b597a922a70107,yes,yes,1f72b65f733e139689b597a922a70107,no,no,1609.06530v1-figure2-1.png,1609.06530v1-figure2-1,"fig. 2. precision/recall curves for the 50, fa configuration, with α = 0 (baseline utd) and α = 0.4 (our system). ap is computed as the area under the respective curves.",line chart,False,1,closed-ended finite answer set binary visual,is the green line consistently higher than the blue line throughout the plotted data?,,arxiv,['cs.cl'],scigraphqa,1609.06530,https://arxiv.org/pdf/1609.06530v1
08133487a5cece64083cfcd863195d05,yes,yes,08133487a5cece64083cfcd863195d05,no,no,1802.03606v1-figure7-1.png,1802.03606v1-figure7-1,figure 7. hadoop vs console test,line chart,False,1,closed-ended finite answer set binary visual,is the red line consistently above the blue line in the graph?,,arxiv,['cs.dc cs.cl'],scigraphqa,1802.03606,https://arxiv.org/pdf/1802.03606v1
ca19a2ba22bd040043180baffbc354e2,yes,yes,ca19a2ba22bd040043180baffbc354e2,no,no,2005.01281v3-figure1-1.png,2005.01281v3-figure1-1,"figure 1: recall@k for neural reranking models (bertmulti, berten, biobert), and word- (bm25) and character-level (tfidfchar) models.",line chart,False,1,closed-ended finite answer set binary visual,is the recall@k value of the green line higher than the orange line at the value of k = 8?,,arxiv,['cs.cl'],scigraphqa,2005.01281,https://arxiv.org/pdf/2005.01281v3
8bc19b70a1a8de06d1d91c491a7ee504,yes,yes,8bc19b70a1a8de06d1d91c491a7ee504,no,no,2004.04070v2-figure4-1.png,2004.04070v2-figure4-1,"figure 4: monolingual “control” experiments when aligning (a) a partially trained en vector space (after m updates, that is, seen word tokens) to a fully trained vector space, and (b) an en vector space fully trained on wikipedia of different sizes (number of sentences). we show rsim scores, mapping performance (i.e., monolingual “bli”) on hfreq and lfreq en words, and monolingual word similarity scores on simverb-3500.",line chart,True,2,closed-ended finite answer set binary visual,is the line represented by the dotted pink markers consistently above the line represented by the solid orange markers in the left graph?,,arxiv,['cs.cl'],scigraphqa,2004.04070,https://arxiv.org/pdf/2004.04070v2
9bf5914bc04ab9e45779c1c6fbd9d160,yes,yes,9bf5914bc04ab9e45779c1c6fbd9d160,no,no,1912.12068v1-figure3-1.png,1912.12068v1-figure3-1,"figure 3: performance of our model with transitive extensions of order k = 1,k = 2,k = 3, and k = ∗ on semeval dataset; (a) learned features, (b) learned + linguistic features",line chart,True,2,closed-ended finite answer set binary visual,is the brown line in the left chart the highest at k = 3?,,arxiv,['cs.cl'],scigraphqa,1912.12068,https://arxiv.org/pdf/1912.12068v1
f2eaf855c57e772859dc0264781ce8e4,yes,yes,f2eaf855c57e772859dc0264781ce8e4,no,no,1109.6341v1-figure4-1.png,1109.6341v1-figure4-1,figure 4: learning curves for prior and megam models.,line chart,True,2,closed-ended finite answer set binary visual,is the blue line strictly increasing in the left plot?,,arxiv,['cs.lg cs.cl'],scigraphqa,1109.6341,https://arxiv.org/pdf/1109.6341v1
c438f277ea26d2a8194d2bc93f9d612d,yes,yes,c438f277ea26d2a8194d2bc93f9d612d,no,no,1904.00585v2-figure2-1.png,1904.00585v2-figure2-1,figure 2: impact of source data size on the effectiveness of pretrained models for ner.,line chart,False,1,closed-ended finite answer set binary visual,does the red line representing conll2003 (pretrained word vectors) show a consistent decrease in f1 score as the source data size increases?,,arxiv,['cs.cl'],scigraphqa,1904.00585,https://arxiv.org/pdf/1904.00585v2
27160ed35ffa6bf46083ab694a2e2569,yes,yes,27160ed35ffa6bf46083ab694a2e2569,no,no,1602.07572v2-figure2-1.png,1602.07572v2-figure2-1,"figure 2: kendall’s τ versus subspace size (top) and training resource size (bottom). see lines 6 & 8, table 1, for train/test split.",line chart,True,2,closed-ended finite answer set binary visual,is the blue line in the top plot consistently higher than the red line at sizes of subspace smaller than 150?,,arxiv,['cs.cl'],scigraphqa,1602.07572,https://arxiv.org/pdf/1602.07572v2
fd992ed539bf0fbf3714f40582cde354,yes,yes,fd992ed539bf0fbf3714f40582cde354,no,no,1803.10916v1-figure6-1.png,1803.10916v1-figure6-1,figure 6: rocs for crnn attention-based model with soft attention.,line chart,False,1,closed-ended finite answer set binary visual,is the red dashed line consistently higher than the other red lines in the figure?,,arxiv,['cs.sd cs.cl eess.as'],scigraphqa,1803.10916,https://arxiv.org/pdf/1803.10916v1
5a9f0d2c3dfd4a3140a3b1a1991089e3,yes,yes,5a9f0d2c3dfd4a3140a3b1a1991089e3,no,no,1610.00072v1-figure2-1.png,1610.00072v1-figure2-1,figure 2: bleu vs. vocabulary size for different selection strategies.,line chart,False,1,closed-ended finite answer set binary visual,does the brown line start at a value lower than 12?,,arxiv,['cs.cl'],scigraphqa,1610.00072,https://arxiv.org/pdf/1610.00072v1
773510d0a9541432ed6d06e9c77ce8c8,yes,yes,773510d0a9541432ed6d06e9c77ce8c8,no,no,1907.03752v1-figure6-1.png,1907.03752v1-figure6-1,fig. 6. effect of overfitting on dnn model shown through cross-entropy loss for the ag news and sentiment 140 datasets,line chart,True,2,closed-ended finite answer set binary visual,does the dashed red line reach a higher validation loss than the dashed blue line in the right subplot?,,arxiv,['cs.cl cs.ir cs.lg'],scigraphqa,1907.03752,https://arxiv.org/pdf/1907.03752v1
6de63f2b5e64cfa38ecfd8fc0bcd6925,yes,yes,6de63f2b5e64cfa38ecfd8fc0bcd6925,no,no,1002.0773v1-figure7-1.png,1002.0773v1-figure7-1,"figure 7: mmi criterion on the training data during 100 iterations of extended baum-welch with lattice regeneration. the x-axis gives the extended baum-welch iteration, with x=0 being the mle.",line chart,False,1,closed-ended finite answer set binary visual,does the red line representing wer have a consistently increasing trend during the iterations?,,arxiv,['cs.cl'],scigraphqa,1002.0773,https://arxiv.org/pdf/1002.0773v1
6abd38000f455fe992a7dbcb1366ce11,yes,yes,6abd38000f455fe992a7dbcb1366ce11,no,no,1611.09921v2-figure3-1.png,1611.09921v2-figure3-1,figure 3: performances on the 20ng dataset.,"line chart,table",True,3,closed-ended finite answer set binary visual,does the green square in the rightmost graph have a higher value than the red circle at the point where the x-axis value is 10?,,arxiv,['cs.lg cs.cl cs.ir'],scigraphqa,1611.09921,https://arxiv.org/pdf/1611.09921v2
9e185af3f5862ade6d53ccfe95b3cc0a,yes,yes,9e185af3f5862ade6d53ccfe95b3cc0a,no,no,1002.0773v1-figure13-1.png,1002.0773v1-figure13-1,figure 13: densities of the scaled standard deviations before (blue) and after (black) 100 iterations of extended baum-welch.,line chart,False,1,closed-ended finite answer set binary visual,is the black line in the graph consistently higher than the blue line?,,arxiv,['cs.cl'],scigraphqa,1002.0773,https://arxiv.org/pdf/1002.0773v1
61ae258eb054fb36b0d5ad19727fae9d,no,no,61ae258eb054fb36b0d5ad19727fae9d,yes,yes,2020.acl-main.343.pdf-figure4.png,2020.acl-main.343.pdf-figure4,"figure 4: visualization in unimodal representations. in each subfigure, red, green, and blue points represent the unimodal representations in text, audio, and video, respectively. the first row shows the learned representations from models with the multimodal task only. the second row shows the learned representations from multi-task models. the two subgraphs in the same column contrast each other",scatter plot,True,6,closed-ended finite answer set binary visual,are the green points in the lf-dnn subfigure located in the upper right quadrant?,,acl,nan,aclfig,2020.acl-main.343,https://aclanthology.org/2020.acl-main.343.pdf
ad313be3a0df5e7edfe5bdf2406a52a1,yes,yes,ad313be3a0df5e7edfe5bdf2406a52a1,no,no,2020.acl-main.692.pdf-figure6.png,2020.acl-main.692.pdf-figure6,figure 6: 2d visualizations of the unsupervised gmm-based clustering for different pretrained mlms.,scatter plot,True,2,closed-ended finite answer set binary visual,are the yellow and green clusters located on the left side of the image for the model bert-large-cased?,,acl,nan,aclfig,2020.acl-main.692,https://aclanthology.org/2020.acl-main.692.pdf
10f16be5bb1fdd2c0312d4112de0dd05,yes,yes,10f16be5bb1fdd2c0312d4112de0dd05,no,no,2005.09471v1-figure2-1.png,2005.09471v1-figure2-1,"figure 2: the top row shows the results of the linear mixed effects regression analysis grouped by lm type. these scatter-plots show the resulting goodness-of-fit values plotted against the average surprisal over the included test data. the bottom row shows the smooths resulting from the gams fitted on the goodness-of-fit data, with their 95% confidence intervals.","line chart,scatter plot",True,6,closed-ended finite answer set binary visual,is the red line in the bottom middle plot consistently higher than the blue line?,,arxiv,['cs.cl'],scigraphqa,2005.09471,https://arxiv.org/pdf/2005.09471v1
96fe9c0a3afba5b68cf3d2c2490522a7,yes,yes,96fe9c0a3afba5b68cf3d2c2490522a7,no,no,w12-4701.pdf-figure8.png,w12-4701.pdf-figure8,figure 8: samanakalkatvam,tree,False,1,closed-ended finite answer set binary visual,is the oval labeled 'piban' connected to the oval labeled 'bālakaḥ' by an arrow?,,acl,nan,aclfig,w12-4701,https://aclanthology.org/w12-4701.pdf
302ee060ca00de225ead1b344ef4a4bc,yes,yes,302ee060ca00de225ead1b344ef4a4bc,no,no,w12-4627.pdf-figure1.png,w12-4627.pdf-figure1,figure 1: tree set for some fundraiser,tree,False,1,closed-ended finite answer set binary visual,is the number '2' contained within a box located to the right of the word 'fundraiser'?,,acl,nan,aclfig,w12-4627,https://aclanthology.org/w12-4627.pdf
e52b9921c537a0196de3125e6e023b6c,yes,yes,e52b9921c537a0196de3125e6e023b6c,no,no,w12-4705.pdf-figure1.png,w12-4705.pdf-figure1,figure 1: abstract example tree.,tree,False,1,closed-ended finite answer set binary visual,is the letter 'a' positioned above the letter 'c' in the tree?,,acl,nan,aclfig,w12-4705,https://aclanthology.org/w12-4705.pdf
947d33ada54c59cbedb00cb7bedc58b3,yes,yes,947d33ada54c59cbedb00cb7bedc58b3,no,no,y15-2010.pdf-figure5.png,y15-2010.pdf-figure5,figure 5: this is an example of a different expression where again the solid line is the correct parse and the dashed line is the wrong parse caused by dm.,tree,False,1,closed-ended finite answer set binary visual,are all solid arrows pointing in the same direction?,,acl,nan,aclfig,y15-2010,https://aclanthology.org/y15-2010.pdf
ea00ac662beae82b18b387f5f59ff8d6,yes,yes,ea00ac662beae82b18b387f5f59ff8d6,no,no,s19-2122.pdf-figure3.png,s19-2122.pdf-figure3,figure 3: confusion matrix for midas submission 2 for sub-task a.,confusion matrix,False,1,closed-ended finite answer set binary visual,does the darkest colored cell have the smallest number?,,acl,nan,aclfig,s19-2122,https://aclanthology.org/s19-2122.pdf
